numero,parrafo_anterior,parrafo_siguiente,palabra_final,tipo_pausa,duracion_pausa_s,archivo,recibio_recorte,causa_encontrada,correccion_propuesta
1,p24,p25,"enfrentarlo",pause (normal),3,original (History, sin tocar),no,"Residuo confirmado: cola de 0.96s tras el texto legitimo, retorno de silencio profundo a -42.4dB casi al final del archivo. Presente desde la generacion original, no introducido por ninguna correccion.","Recortar con ancla de alineacion (fin fiable del texto ~4.97s) + microfade ~60-100ms"
2,p47,p48,"confiar",pause (important),6,original (History, sin tocar),no,"Residuo confirmado: cola de 1.29s (la mas larga de los 9 casos), retorno a -41.0dB. Presente en la generacion original.","Recortar con ancla de alineacion (~2.50s) + microfade"
3,p57,p58,"presencia",pause (normal),3,original (History, sin tocar),no,"Residuo CONFIRMADO en un pase anterior (pase 1) y con recorte ya validado en ese momento, pero el archivo recortado se perdio por el disco no persistente de este entorno y nunca se reincorporo al maestro. Error de seguimiento, no un hallazgo nuevo.","Recrear el recorte con la misma ancla de alineacion (~2.62s) + microfade, e incluirlo esta vez en el maestro"
4,p60,p61,"(cambio de voz, no una palabra final)",block_end (interludio de bloque),6,p61 REGENERADO (peticion aislada individual con contexto previo/siguiente),no aplica (no es un corte),"Cambio de timbre/entonacion entre la generacion original de bloque 1 y la regeneracion aislada de p61. Aprobado en su momento en una comparacion A/B corta; en el contexto largo del video completo resulta mas perceptible.","No es reparable con un recorte. Evaluar: (a) mantener p61 regenerado tal cual si el cambio es aceptable, (b) regenerar p61 dentro de un tramo continuo junto con parrafos vecinos (mismo metodo que resolvio el inicio con pre-roll), o (c) revertir a la version original de p61 (voz mas rapida/aguda, defecto ya conocido) si el cambio de timbre resulta peor que el defecto original"
5,p223,p224,"Dios",block_end (interludio de bloque),6,original (History, sin tocar),no,"Cola de 0.71s tras el texto legitimo, pero SIN retorno de energia por encima de -45dB en el barrido automatico -- puede ser un residuo mas sutil (por debajo del umbral de deteccion) o percepcion humana mas sensible que el umbral usado en el analisis.","Requiere confirmacion por oido sobre el microaudio aislado. Si se confirma, recorte con ancla de alineacion (fin fiable ~3.08s) + microfade"
6,p389,p390,"ti",block_end (interludio de bloque),6,original (History, sin tocar),no,"Recortado preventivamente en el pase 1 SIN evidencia confirmada en ese momento; el archivo se perdio y no se reincorporo. Cola de 0.86s, sin retorno fuerte detectado por el barrido automatico -- posible residuo sutil.","Requiere confirmacion por oido. Si se confirma, recorte con ancla de alineacion (fin fiable ~2.93s) + microfade"
7,p476,p477,"contigo",block_end (interludio de bloque),6,original (History, sin tocar),no,"Residuo CONFIRMADO: cola de 1.12s, retorno a -40.1dB. Presente en la generacion original.","Recortar con ancla de alineacion (fin fiable ~2.17s) + microfade"
8,p526,p527,"Jesús",pause (normal),3,original (History, sin tocar),no,"Cola de 0.97s sin retorno fuerte detectado por el barrido automatico -- posible residuo sutil, similar al patron de los casos 5 y 6.","Requiere confirmacion por oido. Si se confirma, recorte con ancla de alineacion (fin fiable ~2.22s) + microfade"
9,p541,p542,"Jesús",pause (reducida de 6s a 2.5s por correccion aprobada),2.5,original (History, sin tocar),no,"Recortado preventivamente en el pase 1 SIN evidencia confirmada; el archivo se perdio y no se reincorporo. Cola de 0.36s (la mas corta de los 9 casos), sin retorno fuerte detectado -- posible residuo sutil, o mayor atencion del oyente por ser el parrafo justo antes de 'Amen'.","Requiere confirmacion por oido. Si se confirma, recorte con ancla de alineacion (fin fiable ~1.39s) + microfade. Considerar tambien si la pausa reducida a 2.5s deja muy poco margen para el recorte"
