timestamp,parrafos_involucrados,tipo_punto,fuente_utilizada,anomalia_detectada,accion_tomada,resultado_validacion
"0:14.04","p3->p4","pausa","original","ninguna detectada (barrido automatico)","sin cambios","OK"
"0:52.98","p10->p11","pausa","original","ninguna detectada (barrido automatico)","sin cambios","OK"
"1:18.59","p13->p14","pausa","original","ninguna detectada (barrido automatico)","sin cambios","OK"
"2:03.09","p20->p21","pausa","original","ninguna detectada (barrido automatico)","sin cambios","OK"
"2:25.37","p24->p25","conocido+pausa","recortado (ancla de alineacion)","residuo confirmado (retorno a audible tras silencio profundo)","recorte protegido por alineacion + microfade 40ms","verificado limpio tras el recorte"
"2:48.29","p28->p29","pausa","original","ninguna detectada (barrido automatico)","sin cambios","OK"
"3:06.85","p32->p33","aleatorio","original","ninguna detectada","sin cambios","OK"
"3:08.57","p33->p34","aleatorio","original","ninguna detectada","sin cambios","OK"
"3:16.93","p35->p36","pausa","original","ninguna detectada (barrido automatico)","sin cambios","OK"
"3:48.84","p40->p41","pausa","original","ninguna detectada (barrido automatico)","sin cambios","OK"
"4:14.95","p47->p48","conocido+pausa","recortado (ancla de alineacion)","residuo confirmado (retorno a audible tras silencio profundo)","recorte protegido por alineacion + microfade 40ms","verificado limpio tras el recorte"
"4:52.88","p57->p58","conocido+pausa","recortado (ancla de alineacion)","residuo confirmado (retorno a audible tras silencio profundo)","recorte protegido por alineacion + microfade 40ms","verificado limpio tras el recorte"
"5:06.47","p60->p61","conocido+pausa+aleatorio","original","ninguna detectada (barrido automatico)","sin cambios","OK"
"5:39.46","p66->p67","pausa","recortado (ancla de alineacion)","residuo confirmado (retorno a audible tras silencio profundo)","recorte protegido por alineacion + microfade 40ms","verificado limpio tras el recorte"
"5:47.39","p67->p68","aleatorio","original","ninguna detectada","sin cambios","OK"
"6:05.22","p72->p73","pausa","original","ninguna detectada (barrido automatico)","sin cambios","OK"
"6:43.38","p79->p80","pausa","original","ninguna detectada (barrido automatico)","sin cambios","OK"
"7:09.87","p83->p84","pausa","recortado (ancla de alineacion)","residuo confirmado (retorno a audible tras silencio profundo)","recorte protegido por alineacion + microfade 40ms","verificado limpio tras el recorte"
"7:36.53","p87->p88","aleatorio","original","ninguna detectada","sin cambios","OK"
"7:43.87","p90->p91","pausa","original","ninguna detectada (barrido automatico)","sin cambios","OK"
"8:13.15","p96->p97","pausa","original","ninguna detectada (barrido automatico)","sin cambios","OK"
"8:55.58","p105->p106","pausa","original","ninguna detectada (barrido automatico)","sin cambios","OK"
"9:20.04","p109->p110","aleatorio","original","ninguna detectada","sin cambios","OK"
"9:27.25","p111->p112","pausa","recortado (ancla de alineacion)","residuo confirmado (retorno a audible tras silencio profundo)","recorte protegido por alineacion + microfade 40ms","verificado limpio tras el recorte"
"10:00.92","p115->p116","pausa","original","ninguna detectada (barrido automatico)","sin cambios","OK"
"10:29.19","p122->p123","pausa","original","ninguna detectada (barrido automatico)","sin cambios","OK"
"11:07.11","p130->p131","pausa","original","ninguna detectada (barrido automatico)","sin cambios","OK"
"11:25.06","p133->p134","pausa","recortado (ancla de alineacion)","residuo confirmado (retorno a audible tras silencio profundo)","recorte protegido por alineacion + microfade 40ms","verificado limpio tras el recorte"
"11:53.83","p137->p138","pausa","recortado (ancla de alineacion)","residuo confirmado (retorno a audible tras silencio profundo)","recorte protegido por alineacion + microfade 40ms","verificado limpio tras el recorte"
"12:18.56","p142->p143","aleatorio","original","ninguna detectada","sin cambios","OK"
"12:27.06","p144->p145","pausa","original","ninguna detectada (barrido automatico)","sin cambios","OK"
"12:42.12","p146->p147","pausa","original","ninguna detectada (barrido automatico)","sin cambios","OK"
"13:15.96","p152->p153","pausa","recortado (ancla de alineacion)","residuo confirmado (retorno a audible tras silencio profundo)","recorte protegido por alineacion + microfade 40ms","verificado limpio tras el recorte"
"13:40.79","p158->p159","pausa","original","ninguna detectada (barrido automatico)","sin cambios","OK"
"14:14.30","p164->p165","pausa","original","ninguna detectada (barrido automatico)","sin cambios","OK"
"14:43.49","p169->p170","pausa","original","ninguna detectada (barrido automatico)","sin cambios","OK"
"15:14.81","p172->p173","pausa","recortado (ancla de alineacion)","residuo confirmado (retorno a audible tras silencio profundo)","recorte protegido por alineacion + microfade 40ms","verificado limpio tras el recorte"
"15:58.85","p179->p180","pausa","original","ninguna detectada (barrido automatico)","sin cambios","OK"
"16:41.41","p184->p185","pausa","original","ninguna detectada (barrido automatico)","sin cambios","OK"
"17:09.81","p190->p191","pausa","original","ninguna detectada (barrido automatico)","sin cambios","OK"
"17:42.10","p197->p198","pausa","original","ninguna detectada (barrido automatico)","sin cambios","OK"
"18:00.75","p203->p204","pausa","original","ninguna detectada (barrido automatico)","sin cambios","OK"
"18:28.07","p208->p209","pausa","original","ninguna detectada (barrido automatico)","sin cambios","OK"
"18:59.26","p213->p214","aleatorio","original","ninguna detectada","sin cambios","OK"
"19:06.82","p215->p216","pausa","original","ninguna detectada (barrido automatico)","sin cambios","OK"
"19:23.43","p219->p220","pausa","original","ninguna detectada (barrido automatico)","sin cambios","OK"
"19:42.39","p223->p224","conocido+pausa","original","cola presente pero por debajo del umbral de deteccion automatica -- inconclusa","sin cambios, pendiente de confirmacion por oido","incluido en paquete de control para revision"
"20:13.33","p228->p229","pausa+aleatorio","original","ninguna detectada (barrido automatico)","sin cambios","OK"
"20:33.61","p231->p232","pausa","recortado (ancla de alineacion)","residuo confirmado (retorno a audible tras silencio profundo)","recorte protegido por alineacion + microfade 40ms","verificado limpio tras el recorte"
"20:47.76","p233->p234","aleatorio","original","ninguna detectada","sin cambios","OK"
"21:02.66","p237->p238","pausa+aleatorio","original","ninguna detectada (barrido automatico)","sin cambios","OK"
"21:15.09","p239->p240","pausa+aleatorio","original","ninguna detectada (barrido automatico)","sin cambios","OK"
"21:45.24","p244->p245","pausa","original","ninguna detectada (barrido automatico)","sin cambios","OK"
"22:07.60","p249->p250","pausa","original","ninguna detectada (barrido automatico)","sin cambios","OK"
"22:46.63","p255->p256","pausa","recortado (ancla de alineacion)","residuo confirmado (retorno a audible tras silencio profundo)","recorte protegido por alineacion + microfade 40ms","verificado limpio tras el recorte"
"23:22.37","p262->p263","pausa","original","ninguna detectada (barrido automatico)","sin cambios","OK"
"23:40.19","p265->p266","pausa","original","ninguna detectada (barrido automatico)","sin cambios","OK"
"24:25.85","p274->p275","pausa","original","ninguna detectada (barrido automatico)","sin cambios","OK"
"24:50.03","p278->p279","pausa","original","ninguna detectada (barrido automatico)","sin cambios","OK"
"25:23.65","p283->p284","pausa","recortado (ancla de alineacion)","residuo confirmado (retorno a audible tras silencio profundo)","recorte protegido por alineacion + microfade 40ms","verificado limpio tras el recorte"
"25:53.10","p290->p291","pausa","original","ninguna detectada (barrido automatico)","sin cambios","OK"
"26:09.85","p293->p294","aleatorio","original","ninguna detectada","sin cambios","OK"
"26:15.84","p294->p295","pausa","original","ninguna detectada (barrido automatico)","sin cambios","OK"
"26:41.97","p299->p300","pausa","original","ninguna detectada (barrido automatico)","sin cambios","OK"
"26:53.31","p301->p302","pausa","original","ninguna detectada (barrido automatico)","sin cambios","OK"
"27:08.74","p303->p304","aleatorio","original","ninguna detectada","sin cambios","OK"
"27:18.30","p304->p305","pausa","original","ninguna detectada (barrido automatico)","sin cambios","OK"
"27:39.41","p308->p309","pausa","original","ninguna detectada (barrido automatico)","sin cambios","OK"
"28:10.51","p312->p313","pausa","original","ninguna detectada (barrido automatico)","sin cambios","OK"
"28:48.04","p317->p318","pausa","original","ninguna detectada (barrido automatico)","sin cambios","OK"
"29:24.32","p322->p323","pausa","recortado (ancla de alineacion)","residuo confirmado (retorno a audible tras silencio profundo)","recorte protegido por alineacion + microfade 40ms","verificado limpio tras el recorte"
"29:47.46","p325->p326","pausa","original","ninguna detectada (barrido automatico)","sin cambios","OK"
"30:09.64","p328->p329","pausa","original","ninguna detectada (barrido automatico)","sin cambios","OK"
"30:41.06","p333->p334","pausa","original","ninguna detectada (barrido automatico)","sin cambios","OK"
"30:58.81","p335->p336","pausa","original","ninguna detectada (barrido automatico)","sin cambios","OK"
"31:23.68","p340->p341","pausa","original","ninguna detectada (barrido automatico)","sin cambios","OK"
"31:50.26","p344->p345","pausa","recortado (ancla de alineacion)","residuo confirmado (retorno a audible tras silencio profundo)","recorte protegido por alineacion + microfade 40ms","verificado limpio tras el recorte"
"32:04.33","p346->p347","pausa","recortado (ancla de alineacion)","residuo confirmado (retorno a audible tras silencio profundo)","recorte protegido por alineacion + microfade 40ms","verificado limpio tras el recorte"
"32:33.15","p350->p351","pausa","original","ninguna detectada (barrido automatico)","sin cambios","OK"
"32:58.28","p355->p356","pausa","original","ninguna detectada (barrido automatico)","sin cambios","OK"
"33:14.01","p357->p358","pausa","original","ninguna detectada (barrido automatico)","sin cambios","OK"
"33:43.80","p361->p362","pausa","original","ninguna detectada (barrido automatico)","sin cambios","OK"
"34:09.31","p366->p367","pausa","original","ninguna detectada (barrido automatico)","sin cambios","OK"
"34:28.56","p370->p371","pausa","original","ninguna detectada (barrido automatico)","sin cambios","OK"
"34:36.50","p371->p372","pausa","recortado (ancla de alineacion)","residuo confirmado (retorno a audible tras silencio profundo)","recorte protegido por alineacion + microfade 40ms","verificado limpio tras el recorte"
"34:53.59","p373->p374","pausa","original","ninguna detectada (barrido automatico)","sin cambios","OK"
"35:16.15","p376->p377","pausa","original","ninguna detectada (barrido automatico)","sin cambios","OK"
"35:36.75","p382->p383","pausa","original","ninguna detectada (barrido automatico)","sin cambios","OK"
"36:05.18","p389->p390","conocido+pausa","original","cola presente pero por debajo del umbral de deteccion automatica -- inconclusa","sin cambios, pendiente de confirmacion por oido","incluido en paquete de control para revision"
"36:25.15","p392->p393","pausa","original","ninguna detectada (barrido automatico)","sin cambios","OK"
"36:55.72","p396->p397","pausa","original","ninguna detectada (barrido automatico)","sin cambios","OK"
"37:18.97","p402->p403","pausa","original","ninguna detectada (barrido automatico)","sin cambios","OK"
"37:26.61","p403->p404","aleatorio","original","ninguna detectada","sin cambios","OK"
"37:45.56","p408->p409","pausa+aleatorio","original","ninguna detectada (barrido automatico)","sin cambios","OK"
"37:59.86","p410->p411","pausa","recortado (ancla de alineacion)","residuo confirmado (retorno a audible tras silencio profundo)","recorte protegido por alineacion + microfade 40ms","verificado limpio tras el recorte"
"38:16.14","p412->p413","aleatorio","original","ninguna detectada","sin cambios","OK"
"38:30.17","p415->p416","pausa","original","ninguna detectada (barrido automatico)","sin cambios","OK"
"38:58.75","p421->p422","pausa","original","ninguna detectada (barrido automatico)","sin cambios","OK"
"39:33.83","p427->p428","pausa","original","ninguna detectada (barrido automatico)","sin cambios","OK"
"40:07.38","p432->p433","pausa","original","ninguna detectada (barrido automatico)","sin cambios","OK"
"40:33.77","p438->p439","pausa","original","ninguna detectada (barrido automatico)","sin cambios","OK"
"40:54.65","p442->p443","pausa","original","ninguna detectada (barrido automatico)","sin cambios","OK"
"41:08.54","p444->p445","pausa","original","ninguna detectada (barrido automatico)","sin cambios","OK"
"41:27.98","p448->p449","pausa","original","ninguna detectada (barrido automatico)","sin cambios","OK"
"41:48.17","p451->p452","pausa","original","ninguna detectada (barrido automatico)","sin cambios","OK"
"42:08.56","p454->p455","pausa","original","ninguna detectada (barrido automatico)","sin cambios","OK"
"42:29.33","p457->p458","pausa","original","ninguna detectada (barrido automatico)","sin cambios","OK"
"42:47.93","p459->p460","pausa","recortado (ancla de alineacion)","residuo confirmado (retorno a audible tras silencio profundo)","recorte protegido por alineacion + microfade 40ms","verificado limpio tras el recorte"
"43:19.24","p466->p467","pausa","original","ninguna detectada (barrido automatico)","sin cambios","OK"
"43:46.21","p470->p471","pausa","regenerado","vocalizacion defectuosa en la generacion anterior (ya resuelta)","sustitucion por toma regenerada aprobada","confirmado limpio por oido"
"44:15.15","p476->p477","conocido+pausa","recortado (ancla de alineacion)","residuo confirmado (retorno a audible tras silencio profundo)","recorte protegido por alineacion + microfade 40ms","verificado limpio tras el recorte"
"44:30.39","p480->p481","pausa","original","ninguna detectada (barrido automatico)","sin cambios","OK"
"44:50.65","p485->p486","aleatorio","original","ninguna detectada","sin cambios","OK"
"44:52.65","p486->p487","pausa","original","ninguna detectada (barrido automatico)","sin cambios","OK"
"45:13.88","p491->p492","pausa","original","ninguna detectada (barrido automatico)","sin cambios","OK"
"45:33.78","p497->p498","pausa","original","ninguna detectada (barrido automatico)","sin cambios","OK"
"45:57.71","p504->p505","pausa","original","ninguna detectada (barrido automatico)","sin cambios","OK"
"46:14.62","p506->p507","pausa","original","ninguna detectada (barrido automatico)","sin cambios","OK"
"46:23.38","p509->p510","pausa","original","ninguna detectada (barrido automatico)","sin cambios","OK"
"46:35.18","p512->p513","pausa","original","ninguna detectada (barrido automatico)","sin cambios","OK"
"46:46.34","p514->p515","pausa","original","ninguna detectada (barrido automatico)","sin cambios","OK"
"47:08.98","p521->p522","pausa","original","ninguna detectada (barrido automatico)","sin cambios","OK"
"47:33.14","p526->p527","conocido+pausa","original","cola presente pero por debajo del umbral de deteccion automatica -- inconclusa","sin cambios, pendiente de confirmacion por oido","incluido en paquete de control para revision"
"47:52.47","p531->p532","pausa+aleatorio","recortado (ancla de alineacion)","residuo confirmado (retorno a audible tras silencio profundo)","recorte protegido por alineacion + microfade 40ms","verificado limpio tras el recorte"
"48:20.71","p537->p538","pausa+aleatorio","original","ninguna detectada (barrido automatico)","sin cambios","OK"
"48:31.70","p540->p541","pausa","original","ninguna detectada (barrido automatico)","sin cambios","OK"
"48:36.42","p541->p542","conocido+pausa","original","cola presente pero por debajo del umbral de deteccion automatica -- inconclusa","sin cambios, pendiente de confirmacion por oido","incluido en paquete de control para revision"
