timestamp_v3,parrafo,texto_narration_txt,fuente_v3,diagnostico,estado_audio_original,reparacion_propuesta,necesita_elevenlabs,caracteres,creditos_estimados,previous_text,next_text
"02:03","p20","Esa lucha silenciosa por controlar con la mente lo que todavía no podemos tocar con nuestras manos.","original sin cambios","RESIDUO_ORIGINAL","original ya tenia el residuo (cola 0.73s)","recorte por ancla de alineacion + microfade 40ms","no","","","",""
"10:33","p123","Padre, mira a la persona que está escuchando esta oración.","original sin cambios","ERROR_INTERNO_TTS","texto del guion es correcto; la voz inserto/deformo la palabra 'a' sonando como 'mi'","regeneracion completa del parrafo","si","58","15.4","La paz necesaria para dormir y la claridad necesaria para actuar cuando llegue el momento.","Tal vez lleva mucho tiempo siendo fuerte para los demás."
"10:58","p130","Puede descansar sin abandonar a nadie, porque durante estas horas tú continúas cuidando aquello que ella no puede vigilar.","original sin cambios","ERROR_INTERNO_TTS","texto correcto; la voz inserto 'de' inexistente al inicio","regeneracion completa del parrafo","si","122","32.4","Puede admitir que tiene miedo.","Mientras duerme, el mundo no queda sin Dios."
"11:13","p131","Mientras duerme, el mundo no queda sin Dios.","original sin cambios","ERROR_INTERNO_TTS","texto correcto; pronunciacion ininteligible tipo 'duermemol'","regeneracion completa del parrafo","si","44","11.7","Puede descansar sin abandonar a nadie, porque durante estas horas tú continúas cuidando aquello que ella no puede vigilar.","Mientras cierra los ojos, tu poder no disminuye."
"14:34","p168","Estabas presente antes de este diagnóstico, antes de esta deuda, antes de esta conversación y antes de esta incertidumbre.","original sin cambios","ERROR_INTERNO_TTS","texto correcto; silaba adicional tipo 'mo' antes de 'esta conversación'","regeneracion completa del parrafo","si","122","32.4","Nos amabas antes de esta entrevista.","Y seguirás siendo nuestro Dios después de que pase este momento."
"14:44","p169","Y seguirás siendo nuestro Dios después de que pase este momento.","original sin cambios","RESIDUO_ORIGINAL","original ya tenia el residuo (cola 1.13s, la mas larga de este pase)","recorte por ancla de alineacion + microfade 40ms","no","","","",""
"16:41","p184","Cuando diga: si no conoces el resultado, no puedes descansar, recuérdanos que la paz bíblica no depende de conocer cada detalle.","original sin cambios","RESIDUO_ORIGINAL","original ya tenia el residuo (cola 0.73s)","recorte por ancla de alineacion + microfade 40ms","no","","","",""
"17:09","p190","La fe llora cuando es necesario, pero no pierde la esperanza.","original sin cambios","RESIDUO_ORIGINAL","original ya tenia el residuo (cola 0.98s)","recorte por ancla de alineacion + microfade 40ms","no","","","",""
"24:25","p274","No permitas que la desesperación nos empuje a decisiones que después dañen nuestra conciencia, nuestra familia o nuestro testimonio.","original sin cambios","RESIDUO_ORIGINAL","original ya tenia el residuo (cola 0.77s)","recorte por ancla de alineacion + microfade 40ms","no","","","",""
"28:05","p312","Pero durante esta noche, recuérdanos que nuestros hijos también están bajo tu mirada.","original sin cambios","ERROR_INTERNO_TTS","texto correcto; vocalizacion ininteligible insertada dentro de la misma frase, tras la coma","regeneracion completa del parrafo","si","85","22.6","Muéstranos mañana si existe algo que debemos preguntar, escuchar, corregir o hacer.","Entregamos a nuestros padres y a los miembros de la familia que necesitan cuidado."
"29:47","p325","Ayúdanos mañana a responder sin herir, sin decidir desde el pánico y sin callar por temor cuando debamos hablar con claridad.","original sin cambios","RESIDUO_ORIGINAL","original ya tenia el residuo (cola 0.93s)","recorte por ancla de alineacion + microfade 40ms","no","","","",""
"30:59","p335","Las cuentas, las deudas, los gastos inesperados y el temor de que no alcance para sostener el hogar.","original sin cambios","RESIDUO_ORIGINAL","original ya tenia el residuo (cola 1.00s); Orlando lo describio como 'corte' pero la evidencia de alineacion coincide con el mismo patron de cola que los demas casos de barrido","recorte por ancla de alineacion + microfade 40ms","no","","","",""
"34:08","p366","La lucha que hemos escondido detrás de una apariencia tranquila.","original sin cambios","RESIDUO_ORIGINAL","original ya tenia el residuo (cola 1.14s)","recorte por ancla de alineacion + microfade 40ms","no","","","",""
"38:23","p414","Tú conoces esa historia.","original sin cambios","ERROR_INTERNO_TTS","texto correcto (una sola 'conoces'); la voz produjo un tartamudeo tipo 'conocesces'","regeneracion completa del parrafo","si","24","6.4","Tal vez la vida les enseñó que una noticia puede cambiarlo todo en pocos segundos.","Conoces las heridas que existen detrás de esta necesidad de control."
"39:33","p427","No tenemos que mantenernos despiertos para merecer una nueva oportunidad.","original sin cambios","RESIDUO_ORIGINAL","original ya tenia el residuo (cola 0.97s)","recorte por ancla de alineacion + microfade 40ms","no","","","",""
"40:07","p432","Soltamos la idea de que cinco minutos más de preocupación producirán la certeza que no encontramos durante todo el día.","original sin cambios","RESIDUO_ORIGINAL","original ya tenia el residuo (cola 0.71s)","recorte por ancla de alineacion + microfade 40ms","no","","","",""
"43:18","p466","Y no tenemos que cargar hoy con todos los cuidados de mañana.","original sin cambios (previamente marcado inconcluso en el pase 3)","RESIDUO_ORIGINAL","original ya tenia el residuo (cola 0.68s); ahora confirmado por oido","recorte por ancla de alineacion + microfade 40ms","no","","","",""
"45:33","p497","Pero tu carácter permanece.","original sin cambios","RESIDUO_ORIGINAL","original ya tenia el residuo (cola 0.21s, la mas corta de este pase, margen ajustado)","recorte por ancla de alineacion + microfade 40ms","no","","","",""
"45:57","p504","Y ahora, una noche de descanso.","original sin cambios","RESIDUO_ORIGINAL","original ya tenia el residuo (cola 1.12s)","recorte por ancla de alineacion + microfade 40ms","no","","","",""
"47:34","p526","Gracias por la enseñanza de Jesús.","original sin cambios (previamente marcado inconcluso en el pase 3)","RESIDUO_ORIGINAL","original ya tenia el residuo (cola 0.97s); ahora confirmado por oido","recorte por ancla de alineacion + microfade 40ms","no","","","",""
"48:35","p541","En el nombre de Jesús.","original sin cambios (previamente marcado inconcluso en el pase 3)","RESIDUO_ORIGINAL","original ya tenia el residuo (cola 0.36s); el residuo suena parecido al arranque de 'Amen' pero NO es la palabra 'Amen' -- ver nota sobre p542","recorte por ancla de alineacion + microfade 40ms","no","","","",""
"48:43","p542","Amén.","original sin cambios","SIN_DEFECTO","limpio y correcto","ninguna -- narration.txt solo declara un 'Amen' (p542); no hay duplicacion en el guion que resolver","no","","","",""
