numero_parrafo,archivo_fuente,tipo,sha256
"1","proyectos/video_006/_pase1_pruebas/inicio_preroll/inicio_v2_p1-p5.mp3","tramo_continuo_preroll","0b5d22c26c85dd02a007446785751ff20045607f6e4ac3258f82b5dee73161ca"
"2","proyectos/video_006/_pase1_pruebas/inicio_preroll/inicio_v2_p1-p5.mp3","tramo_continuo_preroll","0b5d22c26c85dd02a007446785751ff20045607f6e4ac3258f82b5dee73161ca"
"3","proyectos/video_006/_pase1_pruebas/inicio_preroll/inicio_v2_p1-p5.mp3","tramo_continuo_preroll","0b5d22c26c85dd02a007446785751ff20045607f6e4ac3258f82b5dee73161ca"
"4","proyectos/video_006/_pase1_pruebas/inicio_preroll/inicio_v2_p1-p5.mp3","tramo_continuo_preroll","0b5d22c26c85dd02a007446785751ff20045607f6e4ac3258f82b5dee73161ca"
"5","proyectos/video_006/_pase1_pruebas/inicio_preroll/inicio_v2_p1-p5.mp3","tramo_continuo_preroll","0b5d22c26c85dd02a007446785751ff20045607f6e4ac3258f82b5dee73161ca"
"6","proyectos/video_006/output/parrafos/006.mp3","original_sin_cambios","1387772982ee73401f8e68680ba63d11272f7b0431066547a68e1f59e8b7e81a"
"7","proyectos/video_006/output/parrafos/007.mp3","original_sin_cambios","4bbe57af0a074f4310e94bb3da278d993592dd0b3065bf931004b5db2b1187db"
"8","proyectos/video_006/output/parrafos/008.mp3","original_sin_cambios","f049f226b36a99ddfb4d4dde86e4564622b3dd6b99fb0f1763b8d3bcf9bb1e59"
"9","proyectos/video_006/output/parrafos/009.mp3","original_sin_cambios","98c06439b696204bdabd96bcfe49e42a2652eedf1c2b706ec49dccd2825b7001"
"10","proyectos/video_006/output/parrafos/010.mp3","original_sin_cambios","ee74631a84fc7e424f51b49a3627e0b56b50c1cb36bf9f87fa74c4b0cff26356"
"11","proyectos/video_006/output/parrafos/011.mp3","original_sin_cambios","18683f0ebbb021da18faa61f1e70128796f773d3e6873117eb5b70f63cdc12e1"
"12","proyectos/video_006/output/parrafos/012.mp3","original_sin_cambios","3804263a61f568770abdfd39fab0c9fb110e45b59e29ef4eb56e48e6c4b816a9"
"13","proyectos/video_006/output/parrafos/013.mp3","original_sin_cambios","b3fbc7f8840435c168baba27276d27387bf9209bdcf88caf923af533ab7899cd"
"14","proyectos/video_006/output/parrafos/014.mp3","original_sin_cambios","128392a403bdb3843b7352888554c7612bc96aaa71a084dba6bae8421c3890d1"
"15","proyectos/video_006/output/parrafos/015.mp3","original_sin_cambios","c8e2c46ec1a5b3a23d296331a0a507ca606e2bd0990ce81747994a8fd8515131"
"16","proyectos/video_006/output/parrafos/016.mp3","original_sin_cambios","9968ab38bc82a391bf3e0c964287d8187dc73af6fa4b6c16ed66d1cf3bf1351c"
"17","proyectos/video_006/output/parrafos/017.mp3","original_sin_cambios","d2ca96436a406415028c69a1dca20d6f7401ce67f2cc74084312f526323329c7"
"18","proyectos/video_006/output/parrafos/018.mp3","original_sin_cambios","5cbcce54f542cefb2b1efe73042e67931fe1ad77b7974f2af143be8b42f68529"
"19","proyectos/video_006/output/parrafos/019.mp3","original_sin_cambios","9a608fd12d75aca29f4c9e7bc59013fe0927535e341e0286139e1d6244649c50"
"20","proyectos/video_006/_pase4_diagnostico/parrafos_recortados/020.mp3","recorte_alineacion_v4_PROPUESTO_no_aplicado","b9b629a8c45d097a1c5754019393d5d225ee15c1d179dcb708c48471e4996278"
"21","proyectos/video_006/output/parrafos/021.mp3","original_sin_cambios","43756252c552e6f5be477a84119af7d8ae2318ca168a9667e3b7d51cf3915d45"
"22","proyectos/video_006/output/parrafos/022.mp3","original_sin_cambios","bd789e1667893818cd31d07f847283024cad0ced55cd98a7ed8639f561fa4e2d"
"23","proyectos/video_006/output/parrafos/023.mp3","original_sin_cambios","7517608df88d4657b886c940a8480962a5f7e826be7721751ba4696ceb85f9c1"
"24","proyectos/video_006/_pase3_whitelist/parrafos_recortados/024.mp3","recorte_alineacion_v3","f93f02749d82daa23d45f0131f187ee14990c28279aa32fb47e8707892758f71"
"25","proyectos/video_006/output/parrafos/025.mp3","original_sin_cambios","bd57b54fb9ca37b28c5c96b1286a82d5232519bd5ef03726cbf7964e864d4053"
"26","proyectos/video_006/output/parrafos/026.mp3","original_sin_cambios","c8d2ba0cc1732312a00aba2abf8e9be03ed14cf87b5092784c346c5d8cb90d9d"
"27","proyectos/video_006/output/parrafos/027.mp3","original_sin_cambios","d63f1451b0c672cd1c1653636e918fe18ce8f00bd97fa72c631ffe64f7810d76"
"28","proyectos/video_006/output/parrafos/028.mp3","original_sin_cambios","6aa1090fc8516e1b5559e8dcb76cfa425880ea49b1480b6d703a37887cc8f742"
"29","proyectos/video_006/output/parrafos/029.mp3","original_sin_cambios","f17c1cf8fdf62aa219d6e1845a6835480d982f5f0079e4d9de9a837ba3980aa7"
"30","proyectos/video_006/output/parrafos/030.mp3","original_sin_cambios","4edcbd95a060485e213673b4c14da0d78ab77ba81b02840c439a93ae72cb812f"
"31","proyectos/video_006/output/parrafos/031.mp3","original_sin_cambios","a396db1748fa08cbcec7dd8efaac169a9d72a6828d842378c3eea6472f16d673"
"32","proyectos/video_006/output/parrafos/032.mp3","original_sin_cambios","b2c5651cd1b4d2857ddbbb2a7707658c1b5149e8ae473a1e7439c2a771b1d75d"
"33","proyectos/video_006/output/parrafos/033.mp3","original_sin_cambios","2ec91db10071ef6d6d656d72467c3a9c64f8797126cfd8f51baac8afa6062fc6"
"34","proyectos/video_006/output/parrafos/034.mp3","original_sin_cambios","6b0b125d862ddab06990bff84c1cdbc495d3701bb238e7c91ec19aa0ef67e7f5"
"35","proyectos/video_006/output/parrafos/035.mp3","original_sin_cambios","1eb06f998e399e12bbf3a8077e22fbb23161b83e8aff801099fdf630180ac94a"
"36","proyectos/video_006/output/parrafos/036.mp3","original_sin_cambios","9e839a64014132e2d3d625881192166c3e42d6501a229fce2103d2b984458d73"
"37","proyectos/video_006/output/parrafos/037.mp3","original_sin_cambios","baa02a76625f14655623266ad74236d2565da50c3be34fef395aa09ffe07dbac"
"38","proyectos/video_006/output/parrafos/038.mp3","original_sin_cambios","d2d19ccad32eaebe83402f5e7422cba0fc5a13752fa108b13dab052d04446198"
"39","proyectos/video_006/output/parrafos/039.mp3","original_sin_cambios","2218b0965ca7a8b5ab892b668fa8ba1441a7eecfb2124c590596beb2dd81ebae"
"40","proyectos/video_006/output/parrafos/040.mp3","original_sin_cambios","eeb0ae0cf1acbf8a13bb851028092f6fe2f426fe165e292df1c5e1811bc0b96d"
"41","proyectos/video_006/output/parrafos/041.mp3","original_sin_cambios","3ac37ef58272fa24b9ea1d498e84d17f73b5aaae1a1cbd9332d55d2082cdd673"
"42","proyectos/video_006/output/parrafos/042.mp3","original_sin_cambios","fd6acb7bfdbf09023450d29549fffefc922ff443c0eabf989397343ec4371891"
"43","proyectos/video_006/output/parrafos/043.mp3","original_sin_cambios","43fb022a046da24201e021dae35b12be7b15dadc89ce928ac48403475aa4772c"
"44","proyectos/video_006/output/parrafos/044.mp3","original_sin_cambios","2b9673ef0a9f4e945d41144a99355c5e27e491f69125499e0d59bbb4f9cf6392"
"45","proyectos/video_006/output/parrafos/045.mp3","original_sin_cambios","c3611f7ff6529052a39d2b7ac4bb5b6d9d84e05f7b935701c5c42f2718659e29"
"46","proyectos/video_006/output/parrafos/046.mp3","original_sin_cambios","2892cae67d6916634c86e7b651d22f5e071a3597fb5c51fbebb3e3fdf1080a83"
"47","proyectos/video_006/_pase3_whitelist/parrafos_recortados/047.mp3","recorte_alineacion_v3","8a18b63ff8f74bd00a6196d1ba850c6ed4d2d5b3abfd49e42057df638bf10a6b"
"48","proyectos/video_006/output/parrafos/048.mp3","original_sin_cambios","e09f41d8156b380880256065bc18916f3d3e2ef2bfcb5c9cb47bee8313eae3e7"
"49","proyectos/video_006/output/parrafos/049.mp3","original_sin_cambios","8c01074aa8350f41eeebeeffe708fc96bc5d0b1d35872a55a981e6c50f5e2ca0"
"50","proyectos/video_006/output/parrafos/050.mp3","original_sin_cambios","7625fbf3dccc95154b8bc3a6c282ba614f05858db6039b58d313b63b7e8ae180"
"51","proyectos/video_006/output/parrafos/051.mp3","original_sin_cambios","81fbd33d4aba0a34a5c0c93ec09997fde6ef2853ef2f2271ab7f487f767bfc73"
"52","proyectos/video_006/output/parrafos/052.mp3","original_sin_cambios","1e8881711ac804f5b830ec4bcacabe1946850ef7e01c957be0e13f9660d740e9"
"53","proyectos/video_006/output/parrafos/053.mp3","original_sin_cambios","48c1800025c09b300060e28e73938a111a36db025be0ca88244a0c957918d4b8"
"54","proyectos/video_006/output/parrafos/054.mp3","original_sin_cambios","3b103a8cb5ec7e388b6871ace3a0b974ba153fda4c68c03e95c796f93fd61194"
"55","proyectos/video_006/output/parrafos/055.mp3","original_sin_cambios","fecf73e2227f5fb0c4f05f204df8e01c94e899a04b2880825007ab5ab3f0d886"
"56","proyectos/video_006/output/parrafos/056.mp3","original_sin_cambios","b62158320c9385e6dadb51c8710eff9da567d305cbc0bcec356eaef90d9961b1"
"57","proyectos/video_006/_pase3_whitelist/parrafos_recortados/057.mp3","recorte_alineacion_v3","d097d65ec957c194c93793184c9dd647f8b5075d39734ef0d6105e58ed14ef8d"
"58","proyectos/video_006/output/parrafos/058.mp3","original_sin_cambios","432a1a4fcd56e4867a0b236b5c6cdc1e6f394796a5047ae79546d93cc11585e1"
"59","proyectos/video_006/output/parrafos/059.mp3","original_sin_cambios","8a69360f544ca65e2310ef869006b77d27394057491e4a54e7db3a4b8a8b97b6"
"60","proyectos/video_006/output/parrafos/060.mp3","original_sin_cambios","4a1c7e9fcfec017f25d102f44577cacdb4e6271bdc3cb0130d9408e9c0ad1b6d"
"61","proyectos/video_006/output/parrafos_regen_pase1/061.mp3","regeneracion","7a18b972f503818f5fcd29f611e252beef811f4f6a3aa46af8fb2442b979cf1b"
"62","proyectos/video_006/output/parrafos/062.mp3","original_sin_cambios","6b7f0d1c9529302ba4bed19567e12c299a69ca0ca86da951d97266d58030d74b"
"63","proyectos/video_006/output/parrafos/063.mp3","original_sin_cambios","4ac8f24de3f425c1e85a5c87db7bdc8b2b0abd770102ea6177a2c0c32a706a1c"
"64","proyectos/video_006/output/parrafos/064.mp3","original_sin_cambios","2cd273083d0110ef31a57daadd128ccb9195ddf4f7ea3d2c62f1ae1f9d5f92da"
"65","proyectos/video_006/output/parrafos/065.mp3","original_sin_cambios","fd906555e012480a962594d67731bebdfea8c3ee26c7f02ac921bee8acdc0713"
"66","proyectos/video_006/_pase3_whitelist/parrafos_recortados/066.mp3","recorte_alineacion_v3","594680716359b713083eef59c2d5423b6d7cc558d8a047574bc4fd42e53ab138"
"67","proyectos/video_006/output/parrafos/067.mp3","original_sin_cambios","0516fbe0b380f662f1a291ae7d7bdfeaef60a3115d1d2d0acfb34a003cec1d32"
"68","proyectos/video_006/output/parrafos/068.mp3","original_sin_cambios","53f751f42a3371bb5db0385a4a412a5d077f2d78fa31aa1dc021df8b8d11a459"
"69","proyectos/video_006/output/parrafos/069.mp3","original_sin_cambios","f4b4f98bd94c62aa2ecee2348e2eb5c726403a372acdc3b8d3d3af4c2010104d"
"70","proyectos/video_006/output/parrafos/070.mp3","original_sin_cambios","ce3cf4fe2c62d6b6a568e32845f131aafff27bab8e8c971e8a4c45dba0920c17"
"71","proyectos/video_006/output/parrafos/071.mp3","original_sin_cambios","0cdd27a5f4c87d7aaab38a8312133997a3954f85eaa834652dcc10db702bc317"
"72","proyectos/video_006/output/parrafos/072.mp3","original_sin_cambios","d5fd36e09224a36711e65726003fddedacbff5d0b5003c5b22cb0afead7b8425"
"73","proyectos/video_006/output/parrafos/073.mp3","original_sin_cambios","f9b9aafe9d278644ebd31c9a65d2cc86360b92e23671185ead5d55db3256d248"
"74","proyectos/video_006/output/parrafos/074.mp3","original_sin_cambios","c63b7f3878de2f0cb5f399aa7d4773a1f78dc156ebd5456f6c365703133c3d47"
"75","proyectos/video_006/output/parrafos/075.mp3","original_sin_cambios","bc92ff3ae788a34067906e912321a39665cfbd205af5c79aad8b3cf062c7e09d"
"76","proyectos/video_006/output/parrafos/076.mp3","original_sin_cambios","8a7f712a0f378f76a46bfa7cde4869325f167a79f24e4b3f5fca6299007fc2a6"
"77","proyectos/video_006/output/parrafos/077.mp3","original_sin_cambios","3c57496b8d2c1f4cd4fe7cce198972984f5888fd0aaed7b7e6887aff152fb2fe"
"78","proyectos/video_006/output/parrafos/078.mp3","original_sin_cambios","25da8e392959af7b02fdf05cfe96fb4a1e8790fbf3ed08ab3a477333be8d9724"
"79","proyectos/video_006/output/parrafos/079.mp3","original_sin_cambios","dd4a382cefb6ce26d42bb41e5e807192dc5158750f4b057e9c6ff20bb753d22f"
"80","proyectos/video_006/output/parrafos/080.mp3","original_sin_cambios","bc89f8bdbf2218d0be152686a5d3e6d93681431721d9e9f942c29d5fe42a087e"
"81","proyectos/video_006/output/parrafos/081.mp3","original_sin_cambios","11cef6b8d343336d366d01befe2b15c375bab37f7f92e3cb782c93a3d1538812"
"82","proyectos/video_006/output/parrafos/082.mp3","original_sin_cambios","fe256bb8a19938908bc44dc79a68b02a0df8f660c8e975b1d526064e677a8ab8"
"83","proyectos/video_006/_pase3_whitelist/parrafos_recortados/083.mp3","recorte_alineacion_v3","954589f0b3bd9e76d6dcb9f06921f11eb4205ebfe8f41938b02a1ff74ee05f5e"
"84","proyectos/video_006/output/parrafos/084.mp3","original_sin_cambios","961eeac31757e9445cbdb1082caebc3b92193f3567a056214d24f890e7bf7d31"
"85","proyectos/video_006/output/parrafos/085.mp3","original_sin_cambios","efc42fb08d03bdb5801dfffccf5fe025df71ed7f7b150510de4e8e3dac0e9236"
"86","proyectos/video_006/output/parrafos/086.mp3","original_sin_cambios","1facaf5750008c27edbac8d5e6ca95eb7df1d8647d9cab5747860f774eaad3ea"
"87","proyectos/video_006/output/parrafos/087.mp3","original_sin_cambios","9a5a1e3fef5c604209c6bf9d0867b86495c5757899a097f1fb5ea8f60cfeb98c"
"88","proyectos/video_006/output/parrafos/088.mp3","original_sin_cambios","dc4ce12fd436ce448e4ba611edbca013b27e7b995cde39fe3c0ad76195b5d88a"
"89","proyectos/video_006/output/parrafos/089.mp3","original_sin_cambios","9a66f8d491eda186807342b295098ad2e52b422f38961a096e7496335512a221"
"90","proyectos/video_006/output/parrafos/090.mp3","original_sin_cambios","e371d66789a17591701efbf01c92f950b00990334ab095d7e6d865d4a749ffd1"
"91","proyectos/video_006/output/parrafos/091.mp3","original_sin_cambios","0e7e4c8a54fd4892971f251f3a4865ba9b175ba6f82101305bab6b7bcccc190a"
"92","proyectos/video_006/output/parrafos/092.mp3","original_sin_cambios","bafbe8e4f0c089fc66416c85d2a09caaca36b53c4ba8d9cb193481133e446648"
"93","proyectos/video_006/output/parrafos/093.mp3","original_sin_cambios","98b4cb9c8d1ebb583611e8e5054f8a73639c96ac5866b955963eae0c4b812dd2"
"94","proyectos/video_006/output/parrafos/094.mp3","original_sin_cambios","356d7647cf488294e451300131e4def05ecc563b8e355092e51f7172878dbd2a"
"95","proyectos/video_006/output/parrafos/095.mp3","original_sin_cambios","a89d6be549fd8ea762d844da30c774be93535a1d1cb1e86c142292924a80d62e"
"96","proyectos/video_006/output/parrafos/096.mp3","original_sin_cambios","70d0b66f5873aae1139da63cec5bd67b037a7e595648ae706ffd216436da2970"
"97","proyectos/video_006/output/parrafos/097.mp3","original_sin_cambios","172a7fea891b4d59b7e33649dcf9963ca519e9f22a2ef91d93842dad5c4cfba0"
"98","proyectos/video_006/output/parrafos/098.mp3","original_sin_cambios","6509dcc9e23d0b9947fc3912c4bf697bc067fe8aad8cb37fd0aff0d3480d79d7"
"99","proyectos/video_006/output/parrafos/099.mp3","original_sin_cambios","b2a0c0acfac61153552c925f9cc02b67933963953d33136697bbc4b30abab07b"
"100","proyectos/video_006/output/parrafos/100.mp3","original_sin_cambios","1a5a0037cc8daa2dd8f73e2ada626befbb57c07ebd7eef86060d2b451c7c429d"
"101","proyectos/video_006/output/parrafos/101.mp3","original_sin_cambios","97986f12acce2782f5269bee61a0ac2b71f1426a4591aaf0b8c0dbdf7b990844"
"102","proyectos/video_006/output/parrafos/102.mp3","original_sin_cambios","c25c622c6cc78e17af6a2269af77135b5c6b74367b5c455c8d6759cc1a1f97a4"
"103","proyectos/video_006/output/parrafos/103.mp3","original_sin_cambios","f901ae49cb10670d43fbb8ea6f3df93fba4f91bba67c9de38df4ef6f46cd3b1a"
"104","proyectos/video_006/output/parrafos/104.mp3","original_sin_cambios","345d49edb42e202ea890757fa48cf35c40fd17cde4f04eac28169684442fdb65"
"105","proyectos/video_006/output/parrafos/105.mp3","original_sin_cambios","b064792559f25be08e0383d375b0559f0f8ffef410b11ee94362a1ed5e937e41"
"106","proyectos/video_006/output/parrafos/106.mp3","original_sin_cambios","b92a29fb585e2f93fad928637965228ada1a96f55b7d428ec686b2f5aa7ccc52"
"107","proyectos/video_006/output/parrafos/107.mp3","original_sin_cambios","0cf44dd36a58470ce784f12fd151b5d8c4c082cfb4bf55bda520fee845765a02"
"108","proyectos/video_006/output/parrafos/108.mp3","original_sin_cambios","50b8d3e07001914017a9d8ef8ee548630e177c482db188e5faa1a3dc5727b873"
"109","proyectos/video_006/output/parrafos/109.mp3","original_sin_cambios","398317c3fc249c7561cce41a672810f313485435245a03628e9d9767101a7640"
"110","proyectos/video_006/output/parrafos/110.mp3","original_sin_cambios","4348d5ea752f80ebd9b24382f8756ca8b99789d5a1107d3cfadbfebfb45f70d3"
"111","proyectos/video_006/_pase3_whitelist/parrafos_recortados/111.mp3","recorte_alineacion_v3","3a2d737c761f502087c556f17a698e160c04eaedb396fc55310e87edba338288"
"112","proyectos/video_006/output/parrafos/112.mp3","original_sin_cambios","b633a423346444322d1ff3e24d4201e156b453d414fb62d03ff7ff766280f7ce"
"113","proyectos/video_006/output/parrafos/113.mp3","original_sin_cambios","31c64a065a8910f29de2086a500ae5a2faea38784fe3b2bf95d99b1d40a837a5"
"114","proyectos/video_006/output/parrafos/114.mp3","original_sin_cambios","66a831e52aa563e1bdd43998def86baf7d54189b25888dd84fa2e7ed539aec13"
"115","proyectos/video_006/output/parrafos/115.mp3","original_sin_cambios","9070f36750628bf5fd97223980caf411495c41845f9e1a532a8a928a80d86527"
"116","proyectos/video_006/output/parrafos/116.mp3","original_sin_cambios","52578bd74e4b57c3f79aef25521f1de45d39a359b4d5eaef1afa72dc112b3525"
"117","proyectos/video_006/output/parrafos/117.mp3","original_sin_cambios","2ea148b91721d9aaf1fb23944b90307fd82a4e1ba2e446e54f6ce96d8b4fff1f"
"118","proyectos/video_006/output/parrafos/118.mp3","original_sin_cambios","507b8d79ab13cf86e94c9ad609cc87b1eaeadea3984f0ffe47f8fc2adc7c107f"
"119","proyectos/video_006/output/parrafos/119.mp3","original_sin_cambios","e633c1cb3e5acb221a84f158bcf2bf4b6a34538b3b54f7e0998c55a25e6cfda2"
"120","proyectos/video_006/output/parrafos/120.mp3","original_sin_cambios","b7cf20a02df2e66e192f61824034b647689364f092aed70931251bea330c0b3e"
"121","proyectos/video_006/output/parrafos/121.mp3","original_sin_cambios","69313143974747c10a1f82fb52721ffd63a0f15cf9009840f4aff9a6e7cfbb71"
"122","proyectos/video_006/output/parrafos/122.mp3","original_sin_cambios","aa0dce4b308d9ca8faf45351c3e40d7b792af157e0ce5f0bfd69072195e4da7e"
"123","proyectos/video_006/output/parrafos/123.mp3","original_PENDIENTE_REGENERACION","d76fc933bae0a95e275d682ad55f712ccc75979a6cfe8d133a65a9bba37513ca"
"124","proyectos/video_006/output/parrafos/124.mp3","original_sin_cambios","9d0465e7ffbb6251acb13460440bc098f5a5f42a00e9ce67f045e9de769c349c"
"125","proyectos/video_006/output/parrafos/125.mp3","original_sin_cambios","6949e66c27faf7998f1519b1f1f1d05624ef65f8e39e291b3d07f234f8ef9956"
"126","proyectos/video_006/output/parrafos/126.mp3","original_sin_cambios","1feb5f9e98e0ffa81b7dd3b4478cc0a3563a480d20be1a6ea12fee80af60e2fa"
"127","proyectos/video_006/output/parrafos/127.mp3","original_sin_cambios","a510417cdac4a3a770863c6abf8645ff198ed9531fdf220ab676cec20ee5c825"
"128","proyectos/video_006/output/parrafos/128.mp3","original_sin_cambios","99a1394e24bb1dae89f47b95e6abb81ff72ce1346b006a7220669863d813bcee"
"129","proyectos/video_006/output/parrafos/129.mp3","original_sin_cambios","c218de0853f9f415542a97fbbc8bf72b4eefa86cd75eb80dcd0b2abac9b7f3ef"
"130","proyectos/video_006/output/parrafos/130.mp3","original_PENDIENTE_REGENERACION","89e1b93d4bb022399f129497f46bb902cfa8d60ee7164dba2632563b834446e5"
"131","proyectos/video_006/output/parrafos/131.mp3","original_PENDIENTE_REGENERACION","88a78a068e5d7ea47c5bc69dfd96335054f2155d8ac86624c1114d36ca221c5b"
"132","proyectos/video_006/output/parrafos/132.mp3","original_sin_cambios","af86824e8c9896fe90c54f8a33642552ef5fee01e8df8b35d34dd5746da5827c"
"133","proyectos/video_006/_pase3_whitelist/parrafos_recortados/133.mp3","recorte_alineacion_v3","c8cb383473827de2e0f4726fc6fd9f37649edcce7e58538c2f4998d38f2874ad"
"134","proyectos/video_006/output/parrafos/134.mp3","original_sin_cambios","22cb04afbc042cc086abcd24ce77c9c24c85c0b44ec60adb8b1aca4f9f499367"
"135","proyectos/video_006/output/parrafos/135.mp3","original_sin_cambios","51a373ba90e4ea2eff751c0494495a0b38239876f4b4edcc3568127ca05f6613"
"136","proyectos/video_006/output/parrafos/136.mp3","original_sin_cambios","c61063c443ff55d617b94669d8904b3199d337bacc168e9797adb988f942cc1b"
"137","proyectos/video_006/_pase1_pruebas/parrafos_recortados/137.mp3","recorte_alineacion_v3","54fa4fd2e570cdfc07a1dda60c69eade47036e674545eb8637d25d839e13cbcc"
"138","proyectos/video_006/output/parrafos/138.mp3","original_sin_cambios","ff34fd154946787f4d0678b516674c8ba14d51bb568432d8ef27022935ee0515"
"139","proyectos/video_006/output/parrafos/139.mp3","original_sin_cambios","bfc42ccb9a12b23ba9dee9c0bd26f26e0a5c416b3e117df6dff524059f1c5674"
"140","proyectos/video_006/_pase1_pruebas/parrafos_recortados/140.mp3","recorte_alineacion_v3","f3042d9f2b9ce18d6828c7a5dad216a3fa94b4a4da71eb1e946a9cffd8999b24"
"141","proyectos/video_006/output/parrafos/141.mp3","original_sin_cambios","49b1be5e33b859ceb42fea9091a1deac46b6d0899152ab10ee7cd28b522d3fe7"
"142","proyectos/video_006/output/parrafos/142.mp3","original_sin_cambios","3af99fbf123d8e7757403b04d3606a9a70e24f3aa5c62c31ac0b2c9c7bfebb23"
"143","proyectos/video_006/output/parrafos/143.mp3","original_sin_cambios","9f9fe7ff355f7c2d12c18dff4f3789dd90d026be6e879407369a3718f0ae7e0b"
"144","proyectos/video_006/output/parrafos/144.mp3","original_sin_cambios","e0207067d33fef950e0b32c0a5be22b5f100d79d32e9e64ebe0c21d8162b4c24"
"145","proyectos/video_006/output/parrafos/145.mp3","original_sin_cambios","6e2b81ac4ff5a889d7fa8e1a392354cba40e3d2108fbddda7d669601ca6f5c25"
"146","proyectos/video_006/output/parrafos/146.mp3","original_sin_cambios","cabd70263b4e4b53e139c6465f11d4992f8a5df171a4891dd340d64836ea7429"
"147","proyectos/video_006/output/parrafos/147.mp3","original_sin_cambios","717377a1ef14e0b9cd9d9aa461156a4c335d0e90854d5d619c194fdb4403f296"
"148","proyectos/video_006/output/parrafos/148.mp3","original_sin_cambios","355bcfad6fb3aea43cc4032933d2fd84e19eab2672c2a197b8dded809e4dfe21"
"149","proyectos/video_006/output/parrafos/149.mp3","original_sin_cambios","185d6b40b9549a1e8a3e120a6ef8b2ac658cfb51f8575278740816d908f68a2e"
"150","proyectos/video_006/output/parrafos/150.mp3","original_sin_cambios","30d47e0fea911397e20e8fa61cdd63183c8cbaa8ca72c38c793637f8f14a3e53"
"151","proyectos/video_006/output/parrafos/151.mp3","original_sin_cambios","9cab4909da70f6ddd8f9ad823439502531ffbcacd8e4fdb632da41f04c3e91ea"
"152","proyectos/video_006/_pase1_pruebas/parrafos_recortados/152.mp3","recorte_alineacion_v3","c5ba43b937bede850f9b6a40c2db039f81267baab48ee1df73ad1eebf22aa536"
"153","proyectos/video_006/output/parrafos/153.mp3","original_sin_cambios","a9089715ca83865c5ba00adc95f1d643811fb2c8799b1084aa2e3f258b5824fa"
"154","proyectos/video_006/output/parrafos/154.mp3","original_sin_cambios","d230631698a5b38e09157f8f46da59db4866e00b51a2cfec6726c7bc94e9aedd"
"155","proyectos/video_006/output/parrafos/155.mp3","original_sin_cambios","1b1d6d0dfda9aefd7527f1cba00652a0f2c5c301396b6baa577501fd3255d1f2"
"156","proyectos/video_006/output/parrafos/156.mp3","original_sin_cambios","e167e3619532ce8c06928c7f06f3e1867d59bffbf859f90833673dfaba7075cb"
"157","proyectos/video_006/output/parrafos/157.mp3","original_sin_cambios","fa0dc0e0548fcca62918296a9fb4fd2b2cc91dbfc01c3676f0e2d48d086b27aa"
"158","proyectos/video_006/output/parrafos/158.mp3","original_sin_cambios","a571f51545a9e34d60a76b4be124bc0118b8aca78f32735fe7a113120ac9868b"
"159","proyectos/video_006/output/parrafos/159.mp3","original_sin_cambios","9b45aea193d024879ebb394ce621e53fbb71fbb1699d61e42ba3e9d16715bfa2"
"160","proyectos/video_006/output/parrafos/160.mp3","original_sin_cambios","191b239b09eb78451ee762b3b5e77a50268214c4a872ff4c67534bd81dcff4da"
"161","proyectos/video_006/output/parrafos/161.mp3","original_sin_cambios","02dffce544b0b7b2772d2c8955be39e6ba2cad98c990ba388ee5780ef125d114"
"162","proyectos/video_006/output/parrafos/162.mp3","original_sin_cambios","2a40e60c0db8fee2867241e77368128fe5b28f54098b877664598a1bbd6aee2c"
"163","proyectos/video_006/output/parrafos/163.mp3","original_sin_cambios","07dfcf5b355067380688875ae9a7f3e806fb7268516f3f46c9f415907e0405b0"
"164","proyectos/video_006/output/parrafos/164.mp3","original_sin_cambios","5627e6515571dd2db51cc9c781782e07b25a652a28af7f1b80cc22870b2fd299"
"165","proyectos/video_006/output/parrafos/165.mp3","original_sin_cambios","36b53eceea5f5c7d7ead8600648f3de0abaaaec6c1efd90549674e526973dc42"
"166","proyectos/video_006/output/parrafos/166.mp3","original_sin_cambios","30498dbf2aabdb762744e1fcdf954c353a51c2cffea3dbe90892c14a5f14fc11"
"167","proyectos/video_006/output/parrafos/167.mp3","original_sin_cambios","d91a9fb535e0a638793d746df45e9a4df9789fb889ff2deaefd88e9648fa203b"
"168","proyectos/video_006/output/parrafos/168.mp3","original_PENDIENTE_REGENERACION","0c6e66dea1c7ef6089b0c65a7efd867f3f8b2199b31ff75fbb2125d0bfa743d2"
"169","proyectos/video_006/_pase4_diagnostico/parrafos_recortados/169.mp3","recorte_alineacion_v4_PROPUESTO_no_aplicado","414ec17459430b8338470533016c397eb59698252e007df2ad0472f3432de814"
"170","proyectos/video_006/output/parrafos/170.mp3","original_sin_cambios","e6065c4cddbb9b893585033847f7a3b6ef3d9590550bfb205999c0df3c4f9582"
"171","proyectos/video_006/output/parrafos/171.mp3","original_sin_cambios","097f66912fa1c20808e985e5549858a75a6fd7c64e012c3083ca97c2ff1b95d2"
"172","proyectos/video_006/_pase3_whitelist/parrafos_recortados/172.mp3","recorte_alineacion_v3","b3b0931ae7500eb4e08f78fad39da8e586bf6ccf5c46d8c346f130f0e8e29197"
"173","proyectos/video_006/output/parrafos/173.mp3","original_sin_cambios","8a78901b657e47c2339122226c4bbda51d1cdf444e3ac72a1f215557b397db7c"
"174","proyectos/video_006/output/parrafos/174.mp3","original_sin_cambios","9642cbe7a41dd116fdd31824f4a059726134781e216d7b71b3ef1cb25f90bd74"
"175","proyectos/video_006/output/parrafos/175.mp3","original_sin_cambios","d05cb58ceca4793c08471cc07b3f087edb178f1f0bb322579b0a4741ffc43a95"
"176","proyectos/video_006/output/parrafos/176.mp3","original_sin_cambios","0ee95079e95b43ee3980adce045c328a8a2505b5c2610ae484c6c57ce7674801"
"177","proyectos/video_006/output/parrafos/177.mp3","original_sin_cambios","04763384a8a01e07b85721b27af4a2be161806e45a4c1ff4fc9f6cdd47b6d56e"
"178","proyectos/video_006/output/parrafos/178.mp3","original_sin_cambios","6ab8ae947c8baa7a49823617d5af79a464072b287966fa1b7c3abde13660e452"
"179","proyectos/video_006/output/parrafos/179.mp3","original_sin_cambios","381702aea533b21a56e3f1037c13b638e59ad2f6762d30deac01ef38e6efc3da"
"180","proyectos/video_006/output/parrafos/180.mp3","original_sin_cambios","390ad68bf69594154f162caff8c2940da64cb522200f2017c7d4ae5b377a8250"
"181","proyectos/video_006/output/parrafos/181.mp3","original_sin_cambios","81215c5a462810f44228aca9c93472a3ae43be26fb08fe05eed1ddeaa65c0b3e"
"182","proyectos/video_006/output/parrafos/182.mp3","original_sin_cambios","378ceb02156ad2e554588e1f140bc7abd45ce521388c2dc4597ec45d628888d8"
"183","proyectos/video_006/output/parrafos/183.mp3","original_sin_cambios","b2f399e0801b6c528a555d83cf2f2ea76ccfb8ffc657be927ae447d69eb31163"
"184","proyectos/video_006/_pase4_diagnostico/parrafos_recortados/184.mp3","recorte_alineacion_v4_PROPUESTO_no_aplicado","983a81d25a2f18b95aa14c757fc4fad87ba5f849089478f1e9fb2f0045a85f41"
"185","proyectos/video_006/output/parrafos/185.mp3","original_sin_cambios","b80450678782b1d67bc1c0d3758e3f3251c061ca20ffd8f8a1ccc8b41ea694fe"
"186","proyectos/video_006/output/parrafos/186.mp3","original_sin_cambios","c39961f37beab734510fd97b31b164cff02d28e648af4cfe63ac7663b311be88"
"187","proyectos/video_006/output/parrafos/187.mp3","original_sin_cambios","fdaf4debc5ea3bff25c437fe51d0aab5d70e00f3a29f9a148b46afcf4b5b2c79"
"188","proyectos/video_006/output/parrafos/188.mp3","original_sin_cambios","982d758c8ff723fb2a225c704de567cc6d4e8b95f2e7da8582c8f5ebcb547f79"
"189","proyectos/video_006/output/parrafos/189.mp3","original_sin_cambios","2f3e3ac9823851bdefea9a67a39518cd0b7e5eecf963d0b8c9f498f3a4a4ebbd"
"190","proyectos/video_006/_pase4_diagnostico/parrafos_recortados/190.mp3","recorte_alineacion_v4_PROPUESTO_no_aplicado","e55059d5066ef69a7dc2b2c1319a1cc71722b2228927b722580acfbbbd9b9258"
"191","proyectos/video_006/output/parrafos/191.mp3","original_sin_cambios","6c226be79b4a4e1736d398d76312afbbe17bc0a3869c8d2749722f659fac2282"
"192","proyectos/video_006/output/parrafos/192.mp3","original_sin_cambios","d6b0e506fad0b40760ad536e0d0f8fd4db6234ea926dfa792357887c2d9633aa"
"193","proyectos/video_006/output/parrafos/193.mp3","original_sin_cambios","b0a7783b490ef4928b229197897e5e3de1ae9fd50d9a1a6df052981100686ad6"
"194","proyectos/video_006/output/parrafos/194.mp3","original_sin_cambios","176f0b79984fb845f57cffb80370377e4154b6833170f0667a11dfd281b7fad8"
"195","proyectos/video_006/output/parrafos/195.mp3","original_sin_cambios","16b230c84f4dade0533b9f7d6d8da47e9ec76ffcc70d9a4a4d4fd655c9d6784c"
"196","proyectos/video_006/output/parrafos/196.mp3","original_sin_cambios","2d88a3fb646549b4b05af5375fd192559d5dc5b24e521a61c7246afcf84d2272"
"197","proyectos/video_006/output/parrafos/197.mp3","original_sin_cambios","a3b61a4f611d91a623f449c120b94f002994059db463a8f6ae6ca23e6efdbab4"
"198","proyectos/video_006/output/parrafos/198.mp3","original_sin_cambios","3ca15744ef664bb68fd210ec9fd877601262d1d877f7788adceca6fb2f743de8"
"199","proyectos/video_006/output/parrafos/199.mp3","original_sin_cambios","ef909e67fd6765575e4904ceec4f3df77adee55f6a5dda1c8a312b1c339bbfb8"
"200","proyectos/video_006/output/parrafos/200.mp3","original_sin_cambios","2ab7a748ae53399ca3cb1e580a3fe6f5c4f86ba5aceff5e4db67a03bfbc54da0"
"201","proyectos/video_006/output/parrafos/201.mp3","original_sin_cambios","e37d5cb67bd92d9a61676475e93b7511bcd58f9915e63180863d6418aa3110dc"
"202","proyectos/video_006/output/parrafos/202.mp3","original_sin_cambios","62d67c06afc9755042391f78a015699f0a9d8091414c5659c77e39d18934c7b6"
"203","proyectos/video_006/output/parrafos/203.mp3","original_sin_cambios","ba8e0b1374d8381ecd0a848ce52007f5814e017f6e6dab84151e6586513fd5c2"
"204","proyectos/video_006/output/parrafos/204.mp3","original_sin_cambios","8bf5d7243ad4e61a5d8b926192559dbc269ca1591f58229612bf2904706bbf7f"
"205","proyectos/video_006/output/parrafos/205.mp3","original_sin_cambios","0a25a1ad975147a3471b101162d3ce677faf760bc4269e367529eb60bfae0812"
"206","proyectos/video_006/output/parrafos/206.mp3","original_sin_cambios","c1c78825b3f27e3729776b93f2c6c668c58c962716062cf4379d92271b43309e"
"207","proyectos/video_006/output/parrafos/207.mp3","original_sin_cambios","5bbf41082ca4fb56dd33f129da23176605ff4cd1bb0002da275e1c2d960722b0"
"208","proyectos/video_006/output/parrafos/208.mp3","original_sin_cambios","3c6a8347c9207db216a5de8e33862ef3b1ffbf1e78d2195f85a2d69a6f0acc25"
"209","proyectos/video_006/output/parrafos/209.mp3","original_sin_cambios","9e217949e0fa797c5b235b4a802e19a2b7f299cdf4d2b0eb936dc50b94cef93a"
"210","proyectos/video_006/output/parrafos/210.mp3","original_sin_cambios","4f5d25c7993ee7e1f329c17281110a609115031505f084062c54808bb4c16316"
"211","proyectos/video_006/output/parrafos/211.mp3","original_sin_cambios","50070ef43dba1ca36c8f462193d79a85b265e1b00daa9b2716dea1c476326ccf"
"212","proyectos/video_006/output/parrafos/212.mp3","original_sin_cambios","20051fc01b4ca06661ac7da512dede8f7ff8bb088f11b39aad6eaf795beaae09"
"213","proyectos/video_006/output/parrafos/213.mp3","original_sin_cambios","1f2b117925e0a9cb06b469351563e9116e2e8550c69f9df4948487a69521f5cc"
"214","proyectos/video_006/output/parrafos/214.mp3","original_sin_cambios","83ec712f993e63ca07307a284c45aaf9a295af3c66cfa5c493d2686077c3f28e"
"215","proyectos/video_006/output/parrafos/215.mp3","original_sin_cambios","ab5dba0fea96accec088aa1648c2fbb660a0a8edd62cfdb6a5ab9a196a90a4f3"
"216","proyectos/video_006/output/parrafos/216.mp3","original_sin_cambios","57e3d5dcd9e8a4c4aeb135a85c0a55118babd90273b3793c26e615a05266c9e6"
"217","proyectos/video_006/output/parrafos/217.mp3","original_sin_cambios","2a633f3d7681723d985a4a75314521beb294dae0c27322ef7e8becadac2ac5bd"
"218","proyectos/video_006/output/parrafos/218.mp3","original_sin_cambios","1cfab94de529ad5f78f3eca39335a614819ab8940f5bbf78e6b27be7f89b4f22"
"219","proyectos/video_006/output/parrafos/219.mp3","original_sin_cambios","82be3436dfb7601f8fdc4fcfb3cc949439209cbddb5a0d30d337654f77f1d5f7"
"220","proyectos/video_006/output/parrafos/220.mp3","original_sin_cambios","a189cf102b78d0627c495952844c30b64badd76248b1a4fa6caf60ab282d521a"
"221","proyectos/video_006/output/parrafos/221.mp3","original_sin_cambios","f6d69979f67b1a72327ebad6fb333c4c7b708cd892b8cdb0edb15b2725b86ce7"
"222","proyectos/video_006/output/parrafos/222.mp3","original_sin_cambios","d8e51c9a25247a4323bdc607b49caabf1771f749dcca24e6c8ee2e33de3896e4"
"223","proyectos/video_006/output/parrafos/223.mp3","original_sin_cambios","39a8fca48b57af499a63ce321e7c410b28929248bcbd0c97767f139eb83b8057"
"224","proyectos/video_006/output/parrafos/224.mp3","original_sin_cambios","72db501d74b35bd510f92338b22db0b3dce1604764bb8911de75c8dce1e662ea"
"225","proyectos/video_006/output/parrafos/225.mp3","original_sin_cambios","815ee6b11b89bd2746514940ef11de3169bf5f8dedb14d331b15740833b05bde"
"226","proyectos/video_006/output/parrafos/226.mp3","original_sin_cambios","99726690aa0827f14a8a64d727e3cc5f1a39bb1d5eeecc6dc349ec50e9a79e04"
"227","proyectos/video_006/output/parrafos/227.mp3","original_sin_cambios","2b8c6977edea4a28055d86faab1630f8d424e338db81cca0559f78a897661f15"
"228","proyectos/video_006/output/parrafos/228.mp3","original_sin_cambios","6a29616b8a346599dac76d696f0d3aaac8084e24b5d6869bdcd39af19b254876"
"229","proyectos/video_006/output/parrafos/229.mp3","original_sin_cambios","0c8511398f5abe36d8c8e0c4ddf265375cba60c49e3159c62cabef2085869738"
"230","proyectos/video_006/output/parrafos/230.mp3","original_sin_cambios","b6ea1b65d4b571cb7d6c4580e057e86e9e3e330e7eac60e26a77c5cf1802fda9"
"231","proyectos/video_006/_pase3_whitelist/parrafos_recortados/231.mp3","recorte_alineacion_v3","3a5e81ded3a68549a8802289467c2186849a84b305462170170c04f39c714ff2"
"232","proyectos/video_006/output/parrafos/232.mp3","original_sin_cambios","f53ad066cd405685a6f01588c7cac02d4deed5fe2750397c4c481a136a2e49f8"
"233","proyectos/video_006/output/parrafos/233.mp3","original_sin_cambios","32cc4a65d5ca03ce0e5179e62ca24408719de9a683a5bad328311825ede46c1f"
"234","proyectos/video_006/output/parrafos/234.mp3","original_sin_cambios","ea4bfe5036033a33f53d35a98f32378556d5f832d4e1a20d9b34b90604986d71"
"235","proyectos/video_006/output/parrafos/235.mp3","original_sin_cambios","ce1a21ec1fa59dd68624985f0f26b7f2d7ec70f6705f4abeec31698cbe814ef9"
"236","proyectos/video_006/output/parrafos/236.mp3","original_sin_cambios","69ecc906268b6862ab3fbed792fa7dd40b93e6235b3577b9c0d4f7d0cfcd92d4"
"237","proyectos/video_006/output/parrafos/237.mp3","original_sin_cambios","9a025b821f8eaa9cd458e8ae2e1033df3ee88a1bb37c1643da3c0caed4755eee"
"238","proyectos/video_006/output/parrafos/238.mp3","original_sin_cambios","452626ef38d9af2c0575bb41a1587869984b361d4a06eca49b9216a28feb9bfb"
"239","proyectos/video_006/output/parrafos/239.mp3","original_sin_cambios","8f39504e514e353bd2a2c7e0780724fa7d477d28aacd8e9572896a2b6a42a3dd"
"240","proyectos/video_006/output/parrafos/240.mp3","original_sin_cambios","9be89406c7e27a63efc918b670582d472eade6ae2c395e51bc63f50d7ff63b39"
"241","proyectos/video_006/output/parrafos/241.mp3","original_sin_cambios","231970bc2b0fd016837e4a9e72d0f77b30c21e8bd1871e7828eb9a7342afded5"
"242","proyectos/video_006/output/parrafos/242.mp3","original_sin_cambios","964fdf836919742e950554e10d976e1479b3ec80db9a011cba7b9cff5dbc768c"
"243","proyectos/video_006/output/parrafos/243.mp3","original_sin_cambios","11f5a563b621b64768c10554e15c10bb24ad30d4d664cb40b42259cc0a2b5b52"
"244","proyectos/video_006/output/parrafos/244.mp3","original_sin_cambios","a1b54553c801c4eae5f7d35fc842bf42c69bc2e279b78d5acb4033cd325ecdc5"
"245","proyectos/video_006/output/parrafos/245.mp3","original_sin_cambios","f9e490bdf520af4a95d7cc17d92486ba93fecb507214e90478ddba7275733d56"
"246","proyectos/video_006/output/parrafos/246.mp3","original_sin_cambios","2cb759f799d9f7979f744122fee0233afc970633c5b5418b84f6208549bbcc31"
"247","proyectos/video_006/output/parrafos/247.mp3","original_sin_cambios","a15c7ae296972e86ec2ef75804b7c4ffd5245ed6a5045ee9586462a7ac13b744"
"248","proyectos/video_006/output/parrafos/248.mp3","original_sin_cambios","a7623c157933edfc35aac7e622e1a5a7da3bf3745787e6fe12523ef929db48ee"
"249","proyectos/video_006/output/parrafos/249.mp3","original_sin_cambios","e633e6d6b87f6fc628396d7c2acbd9cfafdf5854e9df4d5b3b7e9bf2654e1f26"
"250","proyectos/video_006/output/parrafos/250.mp3","original_sin_cambios","8c453fa2aea0fa253e220009aa996322fa43e14000e43fba03feb6307ba59741"
"251","proyectos/video_006/output/parrafos/251.mp3","original_sin_cambios","33c9a777e39840b608b5fb021cecfd753f1e2ab19539d644d061054d8bbed3ac"
"252","proyectos/video_006/output/parrafos/252.mp3","original_sin_cambios","51760fd89aaa750c4076d1afa19c62da02f2c3d07ce0cefe0414b0514091de97"
"253","proyectos/video_006/output/parrafos/253.mp3","original_sin_cambios","569b0a688d184d2a39fcefd38cfa43320b05a6a09aa62c117b6cd2cb3343882a"
"254","proyectos/video_006/output/parrafos/254.mp3","original_sin_cambios","f118b4cc56d2b6fe2bae182cb4b41ce3963bedecb0af0ff9c9adb60b2d254faa"
"255","proyectos/video_006/_pase3_whitelist/parrafos_recortados/255.mp3","recorte_alineacion_v3","ed0723b0c09eca9b88b62cc9871540b5e45b313c1af9d9709545e19d9d8ef251"
"256","proyectos/video_006/output/parrafos/256.mp3","original_sin_cambios","11f62ccb6b010a6ea6593035642ad2ea3e1ac0db0932ccb346faf38c128cead9"
"257","proyectos/video_006/output/parrafos/257.mp3","original_sin_cambios","636de45e43bb46fad9d685979d9cf46b095318563d5d5e9e5708a03f4f2b4155"
"258","proyectos/video_006/output/parrafos/258.mp3","original_sin_cambios","b659c2d69a6d617eaecb03817d501789b7fc2aa5591d6b04f87904a2695fb587"
"259","proyectos/video_006/output/parrafos/259.mp3","original_sin_cambios","12a01d937585e4a535e7c2126b53479deaaeed01d251d7a286e466b836255857"
"260","proyectos/video_006/output/parrafos/260.mp3","original_sin_cambios","2ec6cdb0ac60062065a39a7571661cf3959a4dc02e9e48cf822a0c8714822628"
"261","proyectos/video_006/output/parrafos/261.mp3","original_sin_cambios","b1b5db989d4aa49c95f33c84ef99e07f8219a60c32c991ae023efd239cd10662"
"262","proyectos/video_006/output/parrafos/262.mp3","original_sin_cambios","30d7903cc4d54de57d706077cba3363cf41c9d86497595a77039f8c4429e1e04"
"263","proyectos/video_006/output/parrafos/263.mp3","original_sin_cambios","9ca59453b57be27870ce80fabf7f2eed86468e314b810fbea535ea206ec03c3e"
"264","proyectos/video_006/output/parrafos/264.mp3","original_sin_cambios","b640dd3037dd227dfbf2c0595dafb07355fae338cf964f2e0be6f56318b5d98d"
"265","proyectos/video_006/output/parrafos/265.mp3","original_sin_cambios","0fd1cf4663e733a156f3a6438d8091e9d06dc0dd0d7be9f7ab69c343a149c6d9"
"266","proyectos/video_006/output/parrafos/266.mp3","original_sin_cambios","7ac61b8cec67f8138cbac938f957e307741999c537eb73ae1c59cc8c3c3d6570"
"267","proyectos/video_006/output/parrafos/267.mp3","original_sin_cambios","72692868f8160b287eb52a315af55ec6c67dc81579695f4616cbe9f79ad700c8"
"268","proyectos/video_006/output/parrafos/268.mp3","original_sin_cambios","2f0c0058852b9f2732b2c429ac3b774f4d768800ef37b46f2410583288e327a1"
"269","proyectos/video_006/output/parrafos/269.mp3","original_sin_cambios","892f54cf1a3be7e253467efdca435d345a8b829f5491f10f2155a3a019a2d5b7"
"270","proyectos/video_006/output/parrafos/270.mp3","original_sin_cambios","27d9efab4ec2f099a5c864a8059880db78a12d558747f1b64857042340e98b65"
"271","proyectos/video_006/output/parrafos/271.mp3","original_sin_cambios","b336bb5888d3773ff521874a995dd0c424054ca36cc75ec3a33e31a59ba9efef"
"272","proyectos/video_006/output/parrafos/272.mp3","original_sin_cambios","ca56ae199788ab58809fba0f8e72f5e7681cb4f390b28817619d3bb50ed362b7"
"273","proyectos/video_006/output/parrafos/273.mp3","original_sin_cambios","dd2c88a519e50459cbd0ef6646bb21dc25147f6734aaa118c3d65e8a9b771ae7"
"274","proyectos/video_006/_pase4_diagnostico/parrafos_recortados/274.mp3","recorte_alineacion_v4_PROPUESTO_no_aplicado","e6d6ee709a3cacd584a10c16478a88a01ee53d3711449fab9fbdbe4e08085c1b"
"275","proyectos/video_006/output/parrafos/275.mp3","original_sin_cambios","0e7309c958d327b87ce46d7b6bacad7cf3c2d71c4ae0293c64527fb71ef85e42"
"276","proyectos/video_006/output/parrafos/276.mp3","original_sin_cambios","952a52c1168a730a671a160233279cf668c50ce767386d9ea017cd3502a961bb"
"277","proyectos/video_006/output/parrafos/277.mp3","original_sin_cambios","2bf75f4eedac1617909a068c03ea353fc043b4029944af2c3936a5909a9ecfc9"
"278","proyectos/video_006/output/parrafos/278.mp3","original_sin_cambios","b3f0a0ddb9a0ba9393898d16b0e24ee8922addb759e9b7e47d243f25cc1f7bc3"
"279","proyectos/video_006/output/parrafos/279.mp3","original_sin_cambios","80763a0f888f75358fde3689ba502b1369638319fa40eb35417f92e7e0b99ea0"
"280","proyectos/video_006/output/parrafos/280.mp3","original_sin_cambios","38ef1e6669511c56be8a74999fd2a0a62dfef052343400407c2379ffc2337a83"
"281","proyectos/video_006/output/parrafos/281.mp3","original_sin_cambios","6cdcbc08d76b28886e7c755d60f4d6b3dba535a4c340ef4bfa2503af5965432e"
"282","proyectos/video_006/output/parrafos/282.mp3","original_sin_cambios","d76705202ff81516a2a805889ae6682491d4c02c19140f9979c977018418e06a"
"283","proyectos/video_006/_pase3_whitelist/parrafos_recortados/283.mp3","recorte_alineacion_v3","6e301d2f63257abac613f511e790743558885f297d35823b82c3f16809713579"
"284","proyectos/video_006/output/parrafos/284.mp3","original_sin_cambios","4d11e8193c7d81a87ac988cda8feb6db5cb55b754094d970b10fa43879d7be3e"
"285","proyectos/video_006/output/parrafos/285.mp3","original_sin_cambios","e71ae83e1e798175c2534dcb3fc5865d32ada38a47d43a0814b00a3464ed0e42"
"286","proyectos/video_006/output/parrafos/286.mp3","original_sin_cambios","c4250793588c68e6460668f7d24de32079c7046a67614a6f93a1ca77e0a8dc0a"
"287","proyectos/video_006/output/parrafos/287.mp3","original_sin_cambios","38fa85e8c01ff464851ff51daf35a1a9c5f3d1768cc11f1e856663bebc392f19"
"288","proyectos/video_006/output/parrafos/288.mp3","original_sin_cambios","e858b12e65b2660f3fe00ca8a73af47980fac6c43bbc3c776cc60bff98979286"
"289","proyectos/video_006/output/parrafos/289.mp3","original_sin_cambios","134ee8b211eae8dd54e78ea27251ca0bcfd446646b3571ba9ea7ca0a91fb8449"
"290","proyectos/video_006/output/parrafos/290.mp3","original_sin_cambios","ac5716307a3a3f2ac59f7cf89a9f38abb90e5c835bfceba35e01ed2d9691cb84"
"291","proyectos/video_006/output/parrafos/291.mp3","original_sin_cambios","6dc7f63c76ce889fcd423fa5fd329e3927682936840837058ba7560671833e92"
"292","proyectos/video_006/output/parrafos/292.mp3","original_sin_cambios","4514ebf79e280cb29b2245ee9ef5617e5a0c8e17296d2d0f855f5bb4962009fc"
"293","proyectos/video_006/output/parrafos/293.mp3","original_sin_cambios","b8c18c4c29fd57f0e7c8df4ca15e731c9021c02b7eeeaca057ab5d5b4b250958"
"294","proyectos/video_006/output/parrafos/294.mp3","original_sin_cambios","e1ee30a649ecb895ab5bd035004ae4968f7d44af3a0cbc63f49c94e104295fd7"
"295","proyectos/video_006/output/parrafos/295.mp3","original_sin_cambios","120e36c5b8be57ef6ae0f8b69613d3dc0f445e5fb42f3bb76452ee69a5c67122"
"296","proyectos/video_006/output/parrafos/296.mp3","original_sin_cambios","6b6f6f9e182b17b11d817c4a9f1ad46dacb0213c85b60cd5285417235508601c"
"297","proyectos/video_006/output/parrafos/297.mp3","original_sin_cambios","c86ad284676dca14bc38a8bf284158cc2989b0cdd3319c19fe51c2123e6ce805"
"298","proyectos/video_006/output/parrafos/298.mp3","original_sin_cambios","0fccf91d2c647c3b86e19f4ad074aaeccf820b0dcff42bf3da5cc70e5d497a67"
"299","proyectos/video_006/output/parrafos/299.mp3","original_sin_cambios","61f9d79b254f2d3e0c5475d8f4d928927255479a13162d485ee4eda1e2e686bb"
"300","proyectos/video_006/output/parrafos/300.mp3","original_sin_cambios","ffd17c145bfa9562908c7e32815cb15a9634a8512e2997adc5556135f1d824f1"
"301","proyectos/video_006/output/parrafos/301.mp3","original_sin_cambios","acdf49bbb062f035d4244b6c2d3983a4035f00e3347eac3bab0514a4157d6c40"
"302","proyectos/video_006/output/parrafos/302.mp3","original_sin_cambios","2e80ac5a66664552fdafd2e29473c5577e40970953eb29668e3270172633b009"
"303","proyectos/video_006/output/parrafos/303.mp3","original_sin_cambios","5de22b821f88a771d4742eed73868e35636039a09adfdbf53bdc82926b3dcbdb"
"304","proyectos/video_006/output/parrafos/304.mp3","original_sin_cambios","f5d67d84e034920040fb43b81025a899e37588bbee209223f70f6f9296abcb1e"
"305","proyectos/video_006/output/parrafos/305.mp3","original_sin_cambios","6cac96964da784d158030589d8b42c28cb89e762ef0ebc842f66c11af2d7c5b2"
"306","proyectos/video_006/output/parrafos/306.mp3","original_sin_cambios","94f9ffbcd97b9becb260adcc65e8f09b2b6bcd580be2c82f442481b5d336d661"
"307","proyectos/video_006/output/parrafos/307.mp3","original_sin_cambios","8fda6ec268031af7f347f9439c838c936536baf1a99b76711c8ecb8962505d76"
"308","proyectos/video_006/output/parrafos/308.mp3","original_sin_cambios","c070c5362832c41460a2656c144963920a68103b3c64c258a4fa67b73a30d544"
"309","proyectos/video_006/output/parrafos/309.mp3","original_sin_cambios","96f7c0220eb246efaa09760264db0ddfc9dbff293bef7994a844150a8ab2f141"
"310","proyectos/video_006/output/parrafos/310.mp3","original_sin_cambios","a90b7175eb827537556d9b71d2b14ccbf81c193e821f9150517e8d9f720b7e9f"
"311","proyectos/video_006/output/parrafos/311.mp3","original_sin_cambios","4d2cd5c18d1259c9a9d619fe0fb2e88f4ef19f6ade5b8553989247d431d93521"
"312","proyectos/video_006/output/parrafos/312.mp3","original_PENDIENTE_REGENERACION","dc8b8afafd984880153d2b2aace0be2627130af753d2ea3e176c9c8ce30ef7f3"
"313","proyectos/video_006/output/parrafos/313.mp3","original_sin_cambios","5bf804c7700c9c8408075ecd7a3eacccfca4142f2ad189237bdad94fb00bf46a"
"314","proyectos/video_006/output/parrafos/314.mp3","original_sin_cambios","0585278ab77d9efc3569f5d2602ca1fcf9f0c395f730d5eada3457f16896d34d"
"315","proyectos/video_006/output/parrafos/315.mp3","original_sin_cambios","844608f2a37978fe31dd5f403f817fdca9793298e6c903636580fed1a311717a"
"316","proyectos/video_006/output/parrafos/316.mp3","original_sin_cambios","cd7852440c1af4c66de8990f4264b26e164ec7c0f8776a51a498a3b8a1a42334"
"317","proyectos/video_006/output/parrafos/317.mp3","original_sin_cambios","af6e0deadb6ec5b244e9694922b44f452504a4c801806cf5fbb17ddf642c987d"
"318","proyectos/video_006/output/parrafos/318.mp3","original_sin_cambios","2c0762d806d9d70bc5d2302df086785128f507bdff326caefdc7a50e6ce3f0e5"
"319","proyectos/video_006/output/parrafos/319.mp3","original_sin_cambios","1b39ede46dc81bb880f21f6bec732f8a922084f6fd2439699212f1a36ee5a2ec"
"320","proyectos/video_006/output/parrafos/320.mp3","original_sin_cambios","59a1e0ff34805b887e751b4f97dcbad0c7f4c3b095ef4786cd282a7b9074701a"
"321","proyectos/video_006/output/parrafos/321.mp3","original_sin_cambios","794e418f42b36a29ca809202f351c128a9951ebd575a1f871ae82cc5dab045bf"
"322","proyectos/video_006/_pase3_whitelist/parrafos_recortados/322.mp3","recorte_alineacion_v3","ce821f0356c88202fb03de23a6b7abab9edcb66be91172d507fde21f7fdd5fd0"
"323","proyectos/video_006/output/parrafos/323.mp3","original_sin_cambios","594500448ed762a60d8dbfebe0f55ccce3c4408c2827002cea4c15c4bd70e61d"
"324","proyectos/video_006/output/parrafos/324.mp3","original_sin_cambios","17bd6305dd4942c4dc54e2263f0b8f514344a2ced1e0163bdcb0913b9668184d"
"325","proyectos/video_006/_pase4_diagnostico/parrafos_recortados/325.mp3","recorte_alineacion_v4_PROPUESTO_no_aplicado","235d54614f9951eb668c74c281c73abe0803f7c50565e3250f8aade3c8bcf4d5"
"326","proyectos/video_006/output/parrafos/326.mp3","original_sin_cambios","b01a7f1390ab5cf8a25fd972fafcef1ea38167c7a45633f87e8377e483680939"
"327","proyectos/video_006/output/parrafos/327.mp3","original_sin_cambios","bd5ca07ebaa588908f34d77efac35fbc9e385c6c5a4d3179d531f4c8b1c9afc8"
"328","proyectos/video_006/output/parrafos/328.mp3","original_sin_cambios","d14086a1783e78d50b8ee77a1e913c76fc27714002a1690a78812734bbf20596"
"329","proyectos/video_006/output/parrafos/329.mp3","original_sin_cambios","fea745b9919605b4438889ed29afe26d264be6a4956f301459b13d5c59bdf17e"
"330","proyectos/video_006/output/parrafos/330.mp3","original_sin_cambios","fefa731883dadd5ad8bd171a50e4c0be168c61b0035f3d422bc574eefe4aeebd"
"331","proyectos/video_006/output/parrafos/331.mp3","original_sin_cambios","f320bce29b75827d983db9daed37f4b6d7f6acf6d13b7b7b882599e285ef77ac"
"332","proyectos/video_006/output/parrafos/332.mp3","original_sin_cambios","f69eba6b9eb946e3c941f34b02f65477db231684b203b73138d1f47938d0e6b8"
"333","proyectos/video_006/output/parrafos/333.mp3","original_sin_cambios","104b4c16c41e495183106cb709999d20e3b5a2d769ea27c3b35b04911be36d3c"
"334","proyectos/video_006/output/parrafos/334.mp3","original_sin_cambios","a1e74812fee6a1fb0e323876d25d1f3f1a53911c7dcd2b1389ac75fee6349deb"
"335","proyectos/video_006/_pase4_diagnostico/parrafos_recortados/335.mp3","recorte_alineacion_v4_PROPUESTO_no_aplicado","3814860b1edb98de5d1d98c5296dddca90fc5f8bf4e9d5262cf23735525fba3a"
"336","proyectos/video_006/output/parrafos/336.mp3","original_sin_cambios","86fa8fc1567326822040409ae286016cd404a594b235e686d2550ae5326b5c01"
"337","proyectos/video_006/output/parrafos/337.mp3","original_sin_cambios","96c3ff7de4c7cb4bf445ef2ae508f47c7780bee20c2d459940164be4bec173b0"
"338","proyectos/video_006/output/parrafos/338.mp3","original_sin_cambios","4a13032f1121c9ae709ec58237e5f6d4d4491d156d7458a5109b0c260e898b93"
"339","proyectos/video_006/output/parrafos/339.mp3","original_sin_cambios","6d389fa9180dd62c55760cf5204028fb4268e08b02bae4be5f4839464c7de446"
"340","proyectos/video_006/output/parrafos/340.mp3","original_sin_cambios","a66ef29b1dddcfb13266e80705e1204eef2dafa13334af21d309412ec1a41c02"
"341","proyectos/video_006/output/parrafos/341.mp3","original_sin_cambios","88cce7889232dde70bc06c87e9d07392a978f0ff6cdeddab5bfb9384c8079927"
"342","proyectos/video_006/output/parrafos/342.mp3","original_sin_cambios","eaec7fc52234f5d1e1e9e0621e369c6dd2c9d0e2a85e5925199d9f3ab3f53088"
"343","proyectos/video_006/output/parrafos/343.mp3","original_sin_cambios","e1f11ac786d3d5e32621cbb8e4f1a6f9be8b231511028e5f2e262f214cd0f491"
"344","proyectos/video_006/_pase3_whitelist/parrafos_recortados/344.mp3","recorte_alineacion_v3","54d7c4a444d85cd6469ab887b830800a9fa644bbb8d0a42add748f6095d6f542"
"345","proyectos/video_006/output/parrafos/345.mp3","original_sin_cambios","f5b9e61152d1e9f07763ef74ac2a125947464c6427799597e44a6f7e5d34ea76"
"346","proyectos/video_006/_pase3_whitelist/parrafos_recortados/346.mp3","recorte_alineacion_v3","37de1aab8a774ba0b9f5a110a447447a0c0db1ce05923b8efa870d018d9a1bdd"
"347","proyectos/video_006/output/parrafos/347.mp3","original_sin_cambios","b854e7b3ce170421eacd94db724a358008291fbb1eb301645e37cbbef63d7ef8"
"348","proyectos/video_006/output/parrafos/348.mp3","original_sin_cambios","69206c22f295cb723fdf651171fe4d0f3303e7a8eb652675cc4a02e474634f4c"
"349","proyectos/video_006/output/parrafos/349.mp3","original_sin_cambios","88d88c5e60428d789d4245cfcb09f5c5efb564df1606b72c71857b79cec2b12a"
"350","proyectos/video_006/output/parrafos/350.mp3","original_sin_cambios","b81becfb9c1e70a38b7ea2d1ec360aaacaf3446244ef05206a113ca4b16cefda"
"351","proyectos/video_006/output/parrafos/351.mp3","original_sin_cambios","7a3c9a391b72c85d409968de93de34f0fdb17e853f94f09b142a5478a180cb19"
"352","proyectos/video_006/output/parrafos/352.mp3","original_sin_cambios","8c53a1a9fa3a4034879f177a05d1f3ee1be4a2e53912848b20c5ca5b6e5c192b"
"353","proyectos/video_006/output/parrafos/353.mp3","original_sin_cambios","b8f8f3042b045c0a8a109e42cb5e40123d3e9c1f1684031cf9839a3f0b598acf"
"354","proyectos/video_006/output/parrafos/354.mp3","original_sin_cambios","bb1b059423eada19f3b518dd0bad42374a3fda17afdd2982f7db11a97371efc7"
"355","proyectos/video_006/output/parrafos/355.mp3","original_sin_cambios","7223a93543da023ed4816613d3092c6e61e94cccfca1494066a9aed83b130ed4"
"356","proyectos/video_006/output/parrafos/356.mp3","original_sin_cambios","397a2799cbfeffca334188fcef5f5099bbee90b2f00995c79a5d0eb5e7dc7d39"
"357","proyectos/video_006/output/parrafos/357.mp3","original_sin_cambios","8ffa65c62b79cd0061f92fbb3f1efade06f3ae65fa8d4bfa6888bd31b75b86ff"
"358","proyectos/video_006/output/parrafos/358.mp3","original_sin_cambios","e122b810bc7b4ebbc44945e3cd0f1e37af0aae1808593db57e1fd37ec2940714"
"359","proyectos/video_006/output/parrafos/359.mp3","original_sin_cambios","2c45d31936167e92cc75b33a16b4eeb9581e7d719c820dee96c04af4a6a8ce29"
"360","proyectos/video_006/output/parrafos/360.mp3","original_sin_cambios","822f2e3f03fc2cccfade80ec6fa1f0bd4c8d2deb0e03d456cdade60d7380e31e"
"361","proyectos/video_006/output/parrafos/361.mp3","original_sin_cambios","5dac0a0d7db57c9a1ee48e051863b6e3be104b1da94c9dbee0f2881c289c0f90"
"362","proyectos/video_006/output/parrafos/362.mp3","original_sin_cambios","0f4bac3b517d4add6a5b49794a8402b9ef6efa0c15c590f689937d6487c3c434"
"363","proyectos/video_006/output/parrafos/363.mp3","original_sin_cambios","20ec17d7275f6a8361ec235ab81f00da21d0579f8bb29f076cd6a131494b502f"
"364","proyectos/video_006/output/parrafos/364.mp3","original_sin_cambios","16d31e9b734cce57f41b8c4229863eaa1c41d45b646baef340173c433ef7d859"
"365","proyectos/video_006/output/parrafos/365.mp3","original_sin_cambios","da94c6cf7d9cb499c75f357bce76fe9e3a2a34fbf3cf1db8a8894af2ebdb1de8"
"366","proyectos/video_006/_pase4_diagnostico/parrafos_recortados/366.mp3","recorte_alineacion_v4_PROPUESTO_no_aplicado","8f4ab0b690b27437e0bf9b54a9c38f56cfa10a2da51ac00063f0172946c54a81"
"367","proyectos/video_006/output/parrafos/367.mp3","original_sin_cambios","d33f588cd1f473cb74149bbc2eba28de533a29bd3e0e9df45fa5b40be30e3429"
"368","proyectos/video_006/output/parrafos/368.mp3","original_sin_cambios","0ee8e687c977ecee4a056de0da9856cc4157156b6114f09c7481d75e82ae0921"
"369","proyectos/video_006/output/parrafos/369.mp3","original_sin_cambios","46b48c60ef62f39ed412e3924cc860a6922bebc0fc65ee172ad797b64ce4b02c"
"370","proyectos/video_006/output/parrafos/370.mp3","original_sin_cambios","ce9d7b9444df9e7775b96336d8180dcc5c591776a5caa3885f4c6f13ff37699f"
"371","proyectos/video_006/_pase3_whitelist/parrafos_recortados/371.mp3","recorte_alineacion_v3","d88669b0d699441d14d3e93f2333308c1040622b1932f3482b950e018dc968c6"
"372","proyectos/video_006/output/parrafos/372.mp3","original_sin_cambios","11ed0eded14707573dd40db6d6527f4651b1f86dec74c3a8f336ddd9cae8a89c"
"373","proyectos/video_006/output/parrafos/373.mp3","original_sin_cambios","ad8d6001c94efa0e453b235b3b6d8771f97de0df07402000e154ade4d4f36d7e"
"374","proyectos/video_006/output/parrafos/374.mp3","original_sin_cambios","8cdf8e0c3eb166dafd2608f3eac5954fc43cc729f48b78cf0b511c856145613d"
"375","proyectos/video_006/output/parrafos/375.mp3","original_sin_cambios","bbda32eed0516cb12b16a33d3e938cd97b4c755d985ff9adda7e128cb82adb66"
"376","proyectos/video_006/output/parrafos/376.mp3","original_sin_cambios","338e616812fa6c68b994fac90699fe2e4bf387a7563c5933f3f52d092df4c5ff"
"377","proyectos/video_006/output/parrafos/377.mp3","original_sin_cambios","a0013e1a8dc513699aea8a59a25bc660ce329c0145abf94f51112941334ef0f1"
"378","proyectos/video_006/output/parrafos/378.mp3","original_sin_cambios","554c26764bc17d17198850c3b32e7ddc15aa4636dffe978874f76e58c7d37b46"
"379","proyectos/video_006/output/parrafos/379.mp3","original_sin_cambios","ec0e31aab185027095e977534bc72fbcabbcff1e22e18861402fe3506430885a"
"380","proyectos/video_006/output/parrafos/380.mp3","original_sin_cambios","98d733a4e657ca86fb83b1b7851e346f386487794f3cb297ebe94fefb0fa3ed5"
"381","proyectos/video_006/output/parrafos/381.mp3","original_sin_cambios","7415f76817405a05d2d0db1507a1e81a628240d6715922e88f92dbae7b71c56c"
"382","proyectos/video_006/output/parrafos/382.mp3","original_sin_cambios","51a95d1dce3ad5ff6e713ab336d41bfde101fcbf64040c25d1b921c689641942"
"383","proyectos/video_006/output/parrafos/383.mp3","original_sin_cambios","6d57202913d81b907e02b3b4d37b901ce7d48808e1b91933896fac239a712d0b"
"384","proyectos/video_006/output/parrafos/384.mp3","original_sin_cambios","0f4da4374bcf2855419c722308b9eacc4f3d89ff4323b50f5e5829ca3daffe9d"
"385","proyectos/video_006/output/parrafos/385.mp3","original_sin_cambios","a5dda1bfdb755e311143a0c9994138da887aac07e3a4c6ab0542a3c31b591c65"
"386","proyectos/video_006/output/parrafos/386.mp3","original_sin_cambios","2813b3708864529c170c071533696df258a832a9cff251b232b999f68548752f"
"387","proyectos/video_006/output/parrafos/387.mp3","original_sin_cambios","3cb911da442b6c13cb9716fe4d9156a51526778912b86694849f7ad915b791e5"
"388","proyectos/video_006/output/parrafos/388.mp3","original_sin_cambios","79fe3b14eafded9f99ca7a5f0b4d87903f9e05da1f557e03132c41f7c220f50d"
"389","proyectos/video_006/output/parrafos/389.mp3","original_sin_cambios","61e6dc992dc5906fb8515a986ebba15c9c343d9d2e688a8efd4dccb41b7e81d4"
"390","proyectos/video_006/output/parrafos/390.mp3","original_sin_cambios","be22f82939ef2e845132c02d9502232e65c65696004a1c14ff1fad8540473145"
"391","proyectos/video_006/output/parrafos/391.mp3","original_sin_cambios","623587bd8d75d89c3f3932a57b3764a7e0ea40f3b2a0e32e95a33762106c3f99"
"392","proyectos/video_006/output/parrafos/392.mp3","original_sin_cambios","52e9b5fe7a544f1e6a95e953e4ca346e82b97179a85ff31e25ca483eda689569"
"393","proyectos/video_006/output/parrafos/393.mp3","original_sin_cambios","c603224cc0df06437ffa139ada2b2c03eab8b1ea63ee1fb362cf9b268875139a"
"394","proyectos/video_006/output/parrafos/394.mp3","original_sin_cambios","950c67eca094e3959b4f6758f189c87d6f20ff3e81eac3bc367fcf4c8f3ed381"
"395","proyectos/video_006/output/parrafos/395.mp3","original_sin_cambios","248f8ca9ae5e92bfec5732727c68d866133037542370c21c856cf08d2cefe7ac"
"396","proyectos/video_006/output/parrafos/396.mp3","original_sin_cambios","23f3ad1bd5a545dceda04d61637674e6f782ac375010034de2431863056edb21"
"397","proyectos/video_006/output/parrafos/397.mp3","original_sin_cambios","7986f7261e3a38959a31e7fa49c2f1b71c9270f6b8f33f621a6bfc9334b52b47"
"398","proyectos/video_006/output/parrafos/398.mp3","original_sin_cambios","d89b6590774e1f9146e00b2fa2a174b69b3ca7386b4be057804a4587651205f3"
"399","proyectos/video_006/output/parrafos/399.mp3","original_sin_cambios","87e9c6c29a05b6850d3150e9332ea4645d7fd38777076a6a81b7620cbbf51bf9"
"400","proyectos/video_006/output/parrafos/400.mp3","original_sin_cambios","488c89df39c66e733ceb73f7493dc9b22ee7e981c840df49b150386c1aba3d89"
"401","proyectos/video_006/output/parrafos/401.mp3","original_sin_cambios","23dec12a75a0df65066829a0e1671e08be2b3667506d6d7dba8e1bc48e628220"
"402","proyectos/video_006/output/parrafos/402.mp3","original_sin_cambios","ad386276acbd90cf74d00fc807f269e31688a32f63ef349fbcafa2435433e6f6"
"403","proyectos/video_006/output/parrafos/403.mp3","original_sin_cambios","5c6650f16aae480b4b748781218d31ab606413ae3a2e273fe4363847e6b2e939"
"404","proyectos/video_006/output/parrafos/404.mp3","original_sin_cambios","ee41c29c36967cdc6ce258b9eb802618cd221e5aaf888bee24ee48952eed0fee"
"405","proyectos/video_006/output/parrafos/405.mp3","original_sin_cambios","c87e04cfce660f45bf0a3b63f173f2d84ce16583b3959f0bf137ad7f60462cdb"
"406","proyectos/video_006/output/parrafos/406.mp3","original_sin_cambios","924cb0469d2ad3fe0ec81cc39a579e116eca1f7452b742d3e670834ed31dbecb"
"407","proyectos/video_006/output/parrafos/407.mp3","original_sin_cambios","e79d167a1d52aa0304c00181a4577846793385074adc8234bf3bcb4b14adcd9e"
"408","proyectos/video_006/output/parrafos/408.mp3","original_sin_cambios","4627524e1800f7bf6973437021b0878edaf5aee731399fe6fec1fc7904920d9a"
"409","proyectos/video_006/output/parrafos/409.mp3","original_sin_cambios","797f9b57ed399dafec7a28ecb95a74a12d16370b0eea7db309a7bd6bdf5eb59e"
"410","proyectos/video_006/_pase3_whitelist/parrafos_recortados/410.mp3","recorte_alineacion_v3","59b05508a77987ecc87de9f2472023d3c67474fc90d3ff537a17cf944fbe832c"
"411","proyectos/video_006/output/parrafos/411.mp3","original_sin_cambios","3051b49240a1b5e315ca1694805ca8c2c69e68a6d4c18ff120457f8348b06402"
"412","proyectos/video_006/output/parrafos/412.mp3","original_sin_cambios","b26c9ab1534848a5c3e5c01d46545e2cdd6537121e3da04be7da5d63197c4287"
"413","proyectos/video_006/output/parrafos/413.mp3","original_sin_cambios","59a28541eb929b44fbf39bb2aba351ad973528a797b25c171a2da8f810db66db"
"414","proyectos/video_006/output/parrafos/414.mp3","original_PENDIENTE_REGENERACION","30ef8aabc2575fa62dd92ddffb1ca4d53b3822f7b15ad5d115939621cd74a941"
"415","proyectos/video_006/output/parrafos/415.mp3","original_sin_cambios","858e631bd5d0d46a8cb06b4bdb3edd0c844ad705a26b1c7c08b5eb2b4e22529f"
"416","proyectos/video_006/output/parrafos/416.mp3","original_sin_cambios","87c220592239d03857a87d9181736d3e4767cf32409a255c0793c958155baf5b"
"417","proyectos/video_006/output/parrafos/417.mp3","original_sin_cambios","f22a13942944b82d13710f4ba98c1e764e57a4112f3087dbecf53644ebf484bc"
"418","proyectos/video_006/output/parrafos/418.mp3","original_sin_cambios","e3b3a2b5f13a4dbac6eb27e130fea23a59b47995eb26ffd08dd21ed0b0822d30"
"419","proyectos/video_006/output/parrafos/419.mp3","original_sin_cambios","a3fd43bd56755e3c583594507861cc31fd03ec05d6fdb94a0f3d0510bbbca782"
"420","proyectos/video_006/output/parrafos/420.mp3","original_sin_cambios","ba30324fa104df98b0ce1020d08c4830b8106d2119a3c95df3d4560b5fe8c622"
"421","proyectos/video_006/output/parrafos/421.mp3","original_sin_cambios","04f676da12cc3bfe73ab5837550d0993f8ea364089617e57d2b45165a90061e8"
"422","proyectos/video_006/output/parrafos/422.mp3","original_sin_cambios","937e162180aa053be0337cb7e6fdc98c64a2b255e70fa6e83eb0fb8bcd5beae5"
"423","proyectos/video_006/output/parrafos/423.mp3","original_sin_cambios","c5baad2282a0aae6681833f4d52abcdd7767191b695186e158dd3e41649fbcba"
"424","proyectos/video_006/output/parrafos/424.mp3","original_sin_cambios","6b1d76728018fa112571209449efa641c7ac9d21daecc02d9902cd2257365bf7"
"425","proyectos/video_006/output/parrafos/425.mp3","original_sin_cambios","62ccc6e24f92f479d7a989ab925ea963757727ced8086788d5e7971981160eca"
"426","proyectos/video_006/output/parrafos/426.mp3","original_sin_cambios","40f98683b9adf86be038f477c46e215ab6109c41965048aa5dbfee99a135cc63"
"427","proyectos/video_006/_pase4_diagnostico/parrafos_recortados/427.mp3","recorte_alineacion_v4_PROPUESTO_no_aplicado","cbb72e02b43565377989be52035aab5ca2400c9744f2d7c46e7b1e8aafa65b7a"
"428","proyectos/video_006/output/parrafos/428.mp3","original_sin_cambios","21276d30bea3a075d0ee7e28ec6e98cd2925d207b56970a8d0b890070c4a2ec0"
"429","proyectos/video_006/output/parrafos/429.mp3","original_sin_cambios","28bfd5267b91e8a89d259a6608dae8e8ee5b041bfaffeeedfd73765ad0f071d4"
"430","proyectos/video_006/output/parrafos/430.mp3","original_sin_cambios","f09722dbbbe0c6556a14783e34e212cb88029ecd47c3e93713beab8b205128fe"
"431","proyectos/video_006/output/parrafos/431.mp3","original_sin_cambios","31af85304504d63a99055c48b387398e990f4bca9832cbe80fe9001da0891a43"
"432","proyectos/video_006/_pase4_diagnostico/parrafos_recortados/432.mp3","recorte_alineacion_v4_PROPUESTO_no_aplicado","738dd45803ea6f7047c1e41f95c84fadbb4e2cabe38964122b7c09fdfee8a580"
"433","proyectos/video_006/output/parrafos/433.mp3","original_sin_cambios","9950f28904d6420cbfc4a1a6ba0880b0a45dbc18dc48e1423d5995c25e045cb0"
"434","proyectos/video_006/output/parrafos/434.mp3","original_sin_cambios","d74a972a7c83c367e55d3b5312bfd3ae964700669ced62b1f6ae4e4cb07f963b"
"435","proyectos/video_006/output/parrafos/435.mp3","original_sin_cambios","a3ed2d6064805f75472a5d0a69d63129af98fc3fa9d4cd5cf0755b44f3bc6cd1"
"436","proyectos/video_006/output/parrafos/436.mp3","original_sin_cambios","55995b4d23f54e10f2c85e98b27cf635c41b043e5352d453ffdc0e457a2a2fe7"
"437","proyectos/video_006/output/parrafos/437.mp3","original_sin_cambios","310c78eb834c66f60c2084ae28af195e3975af54fcdab582a28374195460c76b"
"438","proyectos/video_006/output/parrafos/438.mp3","original_sin_cambios","7902bd942ac4b04b8e53339a529245fa708b3dce531e79a04921c4760dbfc657"
"439","proyectos/video_006/output/parrafos/439.mp3","original_sin_cambios","9c19ded36a400c65be7cc84091d23933edadcf42e116bb6e15f731c625093773"
"440","proyectos/video_006/output/parrafos/440.mp3","original_sin_cambios","e74f61ae49b4c6b86197d1c20335412aec25cfe5ed0274f6a92f8cd426a17612"
"441","proyectos/video_006/output/parrafos/441.mp3","original_sin_cambios","0289ea50de109b77368fa1eff0a9f5e03b18382000fef4f9007fc84e76dd9d32"
"442","proyectos/video_006/output/parrafos/442.mp3","original_sin_cambios","a2826dce3dafe6a3263041ede4b96b32ac15f1091b6d09d95cf0d5eed871be5a"
"443","proyectos/video_006/output/parrafos/443.mp3","original_sin_cambios","4010c25d8de52820f0efdd530696ba360decf9039931bda760fd75df85e2dfe6"
"444","proyectos/video_006/output/parrafos/444.mp3","original_sin_cambios","d231083de1b814be4318db9aa87e9a570f80aa3c32106eaa2e288aecb01c1e94"
"445","proyectos/video_006/output/parrafos/445.mp3","original_sin_cambios","c07ce9eefd3508153cf0786886cdc95f33b9ac3af74faef4c4479dce25f9d7b2"
"446","proyectos/video_006/output/parrafos/446.mp3","original_sin_cambios","88a4ab3a8ba5fcca72c9f9b01ef197c3d0763612aad7c50b98db2d5f127ca280"
"447","proyectos/video_006/output/parrafos/447.mp3","original_sin_cambios","d2a3306a6f5a8882090217a780d8808319b9f30af1568388566c891d63b9673c"
"448","proyectos/video_006/output/parrafos/448.mp3","original_sin_cambios","1ce919e7df5e055c44e89206bacf1a8a0a1618dd713533565e85b87d8024ea0e"
"449","proyectos/video_006/output/parrafos/449.mp3","original_sin_cambios","4d810c5c66a86a1f2dfcf0d5aebd62e0623da010b8fb24ef25f1dfce11521040"
"450","proyectos/video_006/output/parrafos/450.mp3","original_sin_cambios","372e7e33a4df312554d18b3034c813b5341e16e4d7f9381f40f333d871194d0b"
"451","proyectos/video_006/output/parrafos/451.mp3","original_sin_cambios","072a50959fe9917fa5a807ac40c1242e3ca977181a615212334e8471d42deee0"
"452","proyectos/video_006/output/parrafos/452.mp3","original_sin_cambios","a4aeba30b353480ec7f4bca316427c61460027c3211a06ff8ff00ac9679255c5"
"453","proyectos/video_006/output/parrafos/453.mp3","original_sin_cambios","60c6f1a784fa96362df0c62169b4dcad3ca1bab84bd8a23e1049c17df9e51824"
"454","proyectos/video_006/output/parrafos/454.mp3","original_sin_cambios","20af6bcf63d0a5c9e10afa4e5a6b401bde2a05eeeafe9e1b241dc14c62052f06"
"455","proyectos/video_006/output/parrafos/455.mp3","original_sin_cambios","04c743691431c32126ee3ea22cef413531f9c2aeb431b05e191a7ef7e3c6b25b"
"456","proyectos/video_006/output/parrafos/456.mp3","original_sin_cambios","cc6b030bc9a40e782ecfc7ac11bc74dc1ddb8cbbfa91b9d33fa7a1e96ef0e482"
"457","proyectos/video_006/output/parrafos/457.mp3","original_sin_cambios","81d5ad890ce1232c679d3a09ac3f7e922818af0c3d35ea1cf9b1dd7f57142bbf"
"458","proyectos/video_006/output/parrafos/458.mp3","original_sin_cambios","b8006dc5858d997bdb0bd376e63b989d4c1fff0752661a546d36ff46ee573616"
"459","proyectos/video_006/_pase3_whitelist/parrafos_recortados/459.mp3","recorte_alineacion_v3","ece71a6c88698cf582cca5da058a0b8580e7e469601fd2f50a195349075632b2"
"460","proyectos/video_006/output/parrafos/460.mp3","original_sin_cambios","a5402e1677ac7fb8c1467b626194a79386301b802fa37e1d1db435aa4a0e8c78"
"461","proyectos/video_006/output/parrafos/461.mp3","original_sin_cambios","cb6dbf9abf534063dd9a46d1fb21d41d0e5702cd3a57f9a5f93f5411b2617f6f"
"462","proyectos/video_006/output/parrafos/462.mp3","original_sin_cambios","b9689745d12da2f2b5272556883ca635ba5da67ce616357d8a6b89da7f43a4bf"
"463","proyectos/video_006/output/parrafos/463.mp3","original_sin_cambios","d873fb1e3c11d85900d87522167ca4fad3c0365a3ab58c9f821fb12ae0fdb4ef"
"464","proyectos/video_006/output/parrafos/464.mp3","original_sin_cambios","7564e772b03b8b4bf16bcf8cfbfcc5f3a680da314a3878651a75a564034093e4"
"465","proyectos/video_006/output/parrafos/465.mp3","original_sin_cambios","b458f85ce370ff212d5f6214975ddd2096bc3e658a77d90dfbdceb21c90c05b6"
"466","proyectos/video_006/_pase4_diagnostico/parrafos_recortados/466.mp3","recorte_alineacion_v4_PROPUESTO_no_aplicado","ed67cb78b3436d7f81a2c9d560aff2c6824e7a4c0a2cfcd16a8c601b22881ecb"
"467","proyectos/video_006/output/parrafos/467.mp3","original_sin_cambios","93ed8f2d47f4167c50cd90e935d3c573e2913b6107d13ac8964e7cdc60e3a954"
"468","proyectos/video_006/output/parrafos/468.mp3","original_sin_cambios","ed8b6f3170011f9fa6f3805f631000ca590e715f44e113186a3215bb55adee9f"
"469","proyectos/video_006/_pase1_pruebas/parrafos_recortados/469.mp3","recorte_alineacion_v3","09696367ca4058cf843a3d3b826f4bb885e04182d637a48952752d1a2d0e9b7a"
"470","proyectos/video_006/output/parrafos_regen_pase1/470.mp3","regeneracion","bf1554c212e10a0d5d127633d4e158dd20fd2f1cd6c193c3ad4d1b80fe0060a6"
"471","proyectos/video_006/output/parrafos/471.mp3","original_sin_cambios","216b395e96fa1e4c07376d095c5b08d42d17047974716d035364c162db8e4481"
"472","proyectos/video_006/output/parrafos/472.mp3","original_sin_cambios","5b45d0298f3c3e06bd3c82671c96b16293a518edf3aa119772157cebf777c1ca"
"473","proyectos/video_006/output/parrafos/473.mp3","original_sin_cambios","8f50cccef3341cb81d9e7fb841254db736ad22e1dbf88d508068b88ae022e7ca"
"474","proyectos/video_006/output/parrafos/474.mp3","original_sin_cambios","6d53a2d3a72212198fdccc1c381f11b2974a851b3036c785b7e3851422215010"
"475","proyectos/video_006/output/parrafos/475.mp3","original_sin_cambios","1be791d59e4f05db0d05cd53f119e4a3dd9969798d715a16885af8194b0b92ac"
"476","proyectos/video_006/_pase3_whitelist/parrafos_recortados/476.mp3","recorte_alineacion_v3","de40fdfa4825a0d8a923c353f29cf0b4622c0eb19da1cbc7cde7be558d041af9"
"477","proyectos/video_006/output/parrafos/477.mp3","original_sin_cambios","dbdd0476d9146ff7487997af23f5d262a32802dd464af2f9f73aa287c0824ca5"
"478","proyectos/video_006/output/parrafos/478.mp3","original_sin_cambios","df2300dcdbf5d823bd2769cc4237e15481c4c221acb8da1a22bde51054431dc2"
"479","proyectos/video_006/output/parrafos/479.mp3","original_sin_cambios","4ce95bf9328ddd1c7ac0a4a3bbd39290d96d6bdbc9f20ae734111e18243435de"
"480","proyectos/video_006/output/parrafos/480.mp3","original_sin_cambios","92994b6fc952b399af54185d66f145cdb1c410f793d403e2c6a348987b8da88e"
"481","proyectos/video_006/output/parrafos/481.mp3","original_sin_cambios","86489ceaa1ac472a8a4ad6de584a0694debb2e7333fc145ab2ea8fe6b6b90d7c"
"482","proyectos/video_006/output/parrafos/482.mp3","original_sin_cambios","7ef41ba37fd5a88a576b7fe02d8bf3a3517874cbd0c90be7b3fcaba05a8071e3"
"483","proyectos/video_006/output/parrafos/483.mp3","original_sin_cambios","efe0d3ddc73dce3d4e6473baf1210fc68b4826641cad2c6af05e827cd8e5716b"
"484","proyectos/video_006/output/parrafos/484.mp3","original_sin_cambios","bdea7bbb33b4fd0fe2bcf35fba015198fdd3be5cbc0685fa0bdbdfd1614cc9bd"
"485","proyectos/video_006/output/parrafos/485.mp3","original_sin_cambios","7b8ed71e607b812baa9d28603daf1a90ce190003ebf7507a75d9f38b467efcbd"
"486","proyectos/video_006/output/parrafos/486.mp3","original_sin_cambios","cf58ecfcb51fb64ae405eb0aa19fb146ae98f7408d48b953be12c15e48ef1b2e"
"487","proyectos/video_006/output/parrafos/487.mp3","original_sin_cambios","6419beff3adbb04e9d655361a6e72aedfff32020de7ff0b1d8db9cf27846b4cb"
"488","proyectos/video_006/output/parrafos/488.mp3","original_sin_cambios","16fa63bcddb35908e50bc59fd9821375b05534b78be286eb512e9ddacd1a5538"
"489","proyectos/video_006/output/parrafos/489.mp3","original_sin_cambios","906b073d06a81bf7b652d48b47db6bf9b6da2198ddf54284da947bc64f54f213"
"490","proyectos/video_006/output/parrafos/490.mp3","original_sin_cambios","b910acabd9320805e40d8a4f755ece601abc8ed9ea2e25baf20178d2d99f93b4"
"491","proyectos/video_006/output/parrafos/491.mp3","original_sin_cambios","cee7ca03885597123b86b30c803936fd829c1ebe92e1eda4784c46f96559033e"
"492","proyectos/video_006/output/parrafos/492.mp3","original_sin_cambios","92769ecc1f91284f1cdf32571c7cbb925ed361c16c3afc29a614e4424a64d9dc"
"493","proyectos/video_006/output/parrafos/493.mp3","original_sin_cambios","eddbab9dcb686c87baaf2f6ecc4dd6190cf07b5c0ff7cf82052754aab7ce6272"
"494","proyectos/video_006/output/parrafos/494.mp3","original_sin_cambios","143f5fe46830b782c8b9eb303e26cca433e0f873330ed5225a12ac4363f95ad3"
"495","proyectos/video_006/output/parrafos/495.mp3","original_sin_cambios","023997e863012ef3c8763ec0eb40ab86ff48acea4f4b9cf08c56d7e9f748bc9f"
"496","proyectos/video_006/output/parrafos/496.mp3","original_sin_cambios","404bee60dd0f16b689dd96b978f13443c05db4d90b1a7b076072f4337394a3a5"
"497","proyectos/video_006/_pase4_diagnostico/parrafos_recortados/497.mp3","recorte_alineacion_v4_PROPUESTO_no_aplicado","b7494d31bd9c6b90fa28f02a5e528d38d49d6c646397c6c17bfe7a8a02e5e310"
"498","proyectos/video_006/output/parrafos/498.mp3","original_sin_cambios","3951c19e3df682787b7863d9ff316340b56e277c3362b08ad0d96b769da413e4"
"499","proyectos/video_006/output/parrafos/499.mp3","original_sin_cambios","dd0e09bf5fadcda53bce00de4758883feb489c4db7e3f148146073acacf4c045"
"500","proyectos/video_006/output/parrafos/500.mp3","original_sin_cambios","b096441c2b6c60c04e59696b319060d8fb895844b78d17738568353e33b58e93"
"501","proyectos/video_006/output/parrafos/501.mp3","original_sin_cambios","d16070e31b3d87221a4e537f579e3d19fdfa72ae5184cb7c8ea68f9b816eb94a"
"502","proyectos/video_006/output/parrafos/502.mp3","original_sin_cambios","7b28c8d83946babc2bb525ecc1d13e63a392296ef35ab700ad1fd849d388e510"
"503","proyectos/video_006/output/parrafos/503.mp3","original_sin_cambios","34601fd349920c8ee870f0568ba3a5df5e61e3f8e1a6bc85cb3143406833706d"
"504","proyectos/video_006/_pase4_diagnostico/parrafos_recortados/504.mp3","recorte_alineacion_v4_PROPUESTO_no_aplicado","38b2592cdf73e20bb42b2c069e0edcb7a3ac946e9bdd700bc2cb0b34c630505f"
"505","proyectos/video_006/output/parrafos/505.mp3","original_sin_cambios","ae7a204757272592d2bb4d3071510888cb492424417e99c9bf855c8e7f5559ad"
"506","proyectos/video_006/output/parrafos/506.mp3","original_sin_cambios","1ef14d5700b3efa827d87396568c42801f8536ea1d89f0f76c184f7502befcc7"
"507","proyectos/video_006/output/parrafos/507.mp3","original_sin_cambios","041e093cb6b0f1d6e447d0ffb3562de4b6e3319377548d5ec47242f6b5e5d6bd"
"508","proyectos/video_006/output/parrafos/508.mp3","original_sin_cambios","16006dff57e97e36c87a86840312aa311ba0c4912327b6fd080f49141ca4ade5"
"509","proyectos/video_006/output/parrafos/509.mp3","original_sin_cambios","668db5288fc1e2f1ec6e3cafb5e370a9bb1664283c83426486f8657420e7e16e"
"510","proyectos/video_006/output/parrafos/510.mp3","original_sin_cambios","2b0172c81a53a99220a56402a1c0ab9866255d0f51d93f0ff70bfb2d6a714984"
"511","proyectos/video_006/output/parrafos/511.mp3","original_sin_cambios","14634dc8f6689d201643d1c785b5dc3e09ac23ea73ef46150027a9e884857ac8"
"512","proyectos/video_006/output/parrafos/512.mp3","original_sin_cambios","1bab90cd34c61d19d5526544b769cb3b354b0c9b8dc57e4b64cdb9cb6d8e662d"
"513","proyectos/video_006/output/parrafos/513.mp3","original_sin_cambios","88f8a00bf246aeb3828a0b77c540f48f1ed504b7f42fdfe7247c4fb77e7ba7ea"
"514","proyectos/video_006/output/parrafos/514.mp3","original_sin_cambios","c71296d7f6632d9bd7194587ed3b52f22f43f8c508551e337b560c154f422cc4"
"515","proyectos/video_006/output/parrafos/515.mp3","original_sin_cambios","2e06c832341f63bd0a5ba2cfd21d89c4eee7db20293023a0d30b08a4d4661be7"
"516","proyectos/video_006/output/parrafos/516.mp3","original_sin_cambios","cdf24a6eedbd14c03c60b24c715e1fe44bbf22f79e29b08060a8011711a27c0b"
"517","proyectos/video_006/output/parrafos/517.mp3","original_sin_cambios","5db87216fd7a9c4fb536cf04577f85a597a37e818922e5a1379bada5885bd12b"
"518","proyectos/video_006/output/parrafos/518.mp3","original_sin_cambios","a5c83e3cfd80444e8d9f9bed42ccc089c9a9d52450727f51dc62e2337b2526b7"
"519","proyectos/video_006/output/parrafos/519.mp3","original_sin_cambios","efeab1c3edc1359a6351be5525a05786f3c432d77a073ed8da1566797bbf2313"
"520","proyectos/video_006/output/parrafos/520.mp3","original_sin_cambios","9af748eeb31c74f4720e0eade0116220d05e98e76eee89a863a8d540e13768f8"
"521","proyectos/video_006/output/parrafos/521.mp3","original_sin_cambios","eb28abafc85c4265fd5bd93e084fe9e28ec85aa78ef78ce0db3ab2c3b26a0fb4"
"522","proyectos/video_006/output/parrafos/522.mp3","original_sin_cambios","2a66b2f84594ccfba823705d7be8bda7e43843e03adf38eac3d33d7a661d779f"
"523","proyectos/video_006/output/parrafos/523.mp3","original_sin_cambios","8d3d5036fc17831fec50d23d548a0af0be1c3855b742a038c90842ea6f4c5041"
"524","proyectos/video_006/output/parrafos/524.mp3","original_sin_cambios","36f95f572139b6d5a1ca0e7d84a6b0332e9be89a1fd231b242b3ffb3522bd1b5"
"525","proyectos/video_006/output/parrafos/525.mp3","original_sin_cambios","ee5a78c1994cb8375224aa26496f12432a3321a49be96847845a3e699beea787"
"526","proyectos/video_006/_pase4_diagnostico/parrafos_recortados/526.mp3","recorte_alineacion_v4_PROPUESTO_no_aplicado","fcdbeae3d10e0000c2795bc9368cb5983bf251738b59c200af9de3fc014adab4"
"527","proyectos/video_006/output/parrafos/527.mp3","original_sin_cambios","93b63f063b30be85ec3a420a9ceb1b3af24fb5d1744bf1ce7d9208d13fe108ea"
"528","proyectos/video_006/output/parrafos/528.mp3","original_sin_cambios","3ae5feb256fa0294cbb7a5ce8619121c345f569fd86e130b458d1d48c085aa7b"
"529","proyectos/video_006/output/parrafos/529.mp3","original_sin_cambios","f0e506982210e2b58e36d331b94b28e77e15bda2638e98279f5ee96eebdea4e4"
"530","proyectos/video_006/output/parrafos/530.mp3","original_sin_cambios","1c6586358357a20c94c525aa15a508b4d2290b14b14c57d819871a01b24c914a"
"531","proyectos/video_006/_pase3_whitelist/parrafos_recortados/531.mp3","recorte_alineacion_v3","2a52d6682bc6b0df213a2c6ad286e12dca2587302bf23c9565dcba6f587f1797"
"532","proyectos/video_006/output/parrafos/532.mp3","original_sin_cambios","2be7aebdf4c1edaca705cc290ab033e317c466936d2d57531d8e312c6c302f6b"
"533","proyectos/video_006/output/parrafos/533.mp3","original_sin_cambios","0eac3946ec8a59a4e1c45b7e0064a516c6e8296d4b72da63e4741684d46b19f3"
"534","proyectos/video_006/output/parrafos/534.mp3","original_sin_cambios","13f368db44ee34cfc17098f3f00b4f1a6c0d772002b211e1a768feef38e6528e"
"535","proyectos/video_006/output/parrafos/535.mp3","original_sin_cambios","202e12fab7ec89ba7f54bfa8e1939b57de0d823d41a08f84d92d1d0bd8ae6e89"
"536","proyectos/video_006/output/parrafos/536.mp3","original_sin_cambios","f2d6c7082a277a9d118f40ee4b36aea9023bc5d8965d2f751c510f7e0bac7fd1"
"537","proyectos/video_006/output/parrafos/537.mp3","original_sin_cambios","ec710d9f70675ae9bdf7c657940944298d79c08bec1814e965ba408a8a6fb773"
"538","proyectos/video_006/output/parrafos/538.mp3","original_sin_cambios","d63fba82ed12324509f515d2539e3fa94a1dc5fe72171ff0254714ffee2a6b88"
"539","proyectos/video_006/output/parrafos/539.mp3","original_sin_cambios","8b0785b299820d9943e930780f8586897732f7dadf1aa3d93d235daba19952e8"
"540","proyectos/video_006/output/parrafos/540.mp3","original_sin_cambios","ebfac91516cf43b8a2018d86b24094fceefca171b90d64553220835d53de9de2"
"541","proyectos/video_006/_pase4_diagnostico/parrafos_recortados/541.mp3","recorte_alineacion_v4_PROPUESTO_no_aplicado","d02776fe8c06bd7d04e5126169acf710e3ca8cb80f38805d305deea781b04b57"
"542","proyectos/video_006/output/parrafos/542.mp3","original_sin_cambios","26b85f2137fd4970e7d4136eec893904044c6efda18cb002e9d513a31c7f9586"
